,mark,2021,2020,2019,2018,2017,2016,2015
0,715.0,0,11.0,0.0,0.0,0.0,0,0
1,714.0,0,16.0,0.0,0.0,0.0,0,0
2,713.0,0,18.0,0.0,0.0,0.0,0,0
3,712.0,0,20.0,0.0,0.0,0.0,0,0
4,711.0,0,22.0,0.0,0.0,0.0,0,0
5,710.0,0,27.0,0.0,0.0,0.0,0,0
6,709.0,0,37.0,0.0,0.0,0.0,0,0
7,708.0,15.0,45.0,0.0,0.0,0.0,0,0
8,707.0,18.0,54.0,0.0,0.0,0.0,0,0
9,706.0,20.0,65.0,0.0,0.0,0.0,0,0
10,705.0,26.0,79.0,0.0,0.0,0.0,0,0
11,704.0,33.0,87.0,0.0,0.0,0.0,0,1
12,703.0,39.0,107.0,0.0,0.0,0.0,0,4
13,702.0,49.0,126.0,0.0,0.0,0.0,0,5
14,701.0,59.0,151.0,0.0,0.0,0.0,0,6
15,700.0,68.0,169.0,0.0,12.0,0.0,5,7
16,699.0,83.0,197.0,0.0,14.0,0.0,6,8
17,698.0,97.0,235.0,0.0,15.0,0.0,7,9
18,697.0,111.0,268.0,11.0,20.0,0.0,7,11
19,696.0,122.0,298.0,13.0,30.0,0.0,8,13
20,695.0,143.0,335.0,16.0,32.0,3.0,12,15
21,694.0,159.0,376.0,21.0,37.0,4.0,15,19
22,693.0,179.0,443.0,26.0,46.0,4.0,24,21
23,692.0,203.0,491.0,30.0,53.0,5.0,26,23
24,691.0,227.0,556.0,32.0,59.0,6.0,29,29
25,690.0,255.0,627.0,37.0,67.0,7.0,32,32
26,689.0,286.0,705.0,45.0,76.0,8.0,36,35
27,688.0,315.0,774.0,48.0,88.0,10.0,42,40
28,687.0,348.0,848.0,53.0,95.0,10.0,54,47
29,686.0,383.0,953.0,66.0,109.0,11.0,61,55
30,685.0,426.0,1036.0,83.0,123.0,14.0,76,66
31,684.0,472.0,1159.0,96.0,140.0,14.0,84,72
32,683.0,513.0,1272.0,112.0,160.0,15.0,97,77
33,682.0,551.0,1377.0,121.0,182.0,20.0,113,88
34,681.0,604.0,1521.0,142.0,207.0,22.0,129,99
35,680.0,659.0,1660.0,157.0,230.0,28.0,150,114
36,679.0,716.0,1784.0,173.0,259.0,37.0,169,131
37,678.0,774.0,1919.0,194.0,284.0,44.0,194,153
38,677.0,836.0,2065.0,220.0,319.0,52.0,206,169
39,676.0,902.0,2213.0,248.0,354.0,60.0,232,182
40,675.0,982.0,2370.0,271.0,389.0,71.0,252,208
41,674.0,1046.0,2546.0,296.0,431.0,79.0,279,225
42,673.0,1115.0,2742.0,331.0,470.0,89.0,314,243
43,672.0,1184.0,2936.0,364.0,517.0,103.0,340,269
44,671.0,1290.0,3152.0,414.0,564.0,112.0,374,304
45,670.0,1390.0,3375.0,455.0,610.0,125.0,417,340
46,669.0,1500.0,3612.0,496.0,664.0,138.0,451,367
47,668.0,1606.0,3845.0,527.0,728.0,149.0,486,404
48,667.0,1730.0,4082.0,574.0,794.0,164.0,538,436
49,666.0,1839.0,4347.0,612.0,854.0,181.0,590,484
50,665.0,1945.0,4594.0,660.0,933.0,206.0,642,530
51,664.0,2055.0,4878.0,723.0,1006.0,220.0,697,584
52,663.0,2171.0,5152.0,781.0,1080.0,234.0,735,627
53,662.0,2315.0,5463.0,839.0,1146.0,252.0,790,667
54,661.0,2447.0,5753.0,893.0,1220.0,277.0,856,718
55,660.0,2582.0,6046.0,970.0,1302.0,298.0,934,761
56,659.0,2750.0,6356.0,1032.0,1386.0,313.0,1016,814
57,658.0,2928.0,6676.0,1115.0,1466.0,336.0,1079,868
58,657.0,3071.0,7026.0,1186.0,1570.0,377.0,1148,919
59,656.0,3232.0,7373.0,1275.0,1655.0,417.0,1224,994
60,655.0,3427.0,7724.0,1372.0,1760.0,447.0,1310,1071
61,654.0,3618.0,8089.0,1465.0,1863.0,485.0,1399,1138
62,653.0,3815.0,8491.0,1584.0,2000.0,526.0,1498,1200
63,652.0,4022.0,8900.0,1689.0,2130.0,561.0,1601,1282
64,651.0,4219.0,9274.0,1801.0,2245.0,599.0,1714,1368
65,650.0,4428.0,9653.0,1899.0,2377.0,641.0,1804,1453
66,649.0,4632.0,10081.0,2012.0,2503.0,687.0,1909,1531
67,648.0,4866.0,10506.0,2113.0,2652.0,730.0,2018,1623
68,647.0,5113.0,10957.0,2230.0,2800.0,776.0,2125,1701
69,646.0,5337.0,11437.0,2358.0,2928.0,834.0,2257,1809
70,645.0,5586.0,11903.0,2497.0,3092.0,889.0,2376,1912
71,644.0,5865.0,12396.0,2638.0,3246.0,947.0,2517,2021
72,643.0,6115.0,12897.0,2783.0,3421.0,1004.0,2660,2144
73,642.0,6374.0,13368.0,2921.0,3598.0,1052.0,2827,2260
74,641.0,6621.0,13884.0,3085.0,3782.0,1118.0,2980,2379
75,640.0,6896.0,14443.0,3242.0,3960.0,1190.0,3138,2529
76,639.0,7225.0,14936.0,3434.0,4143.0,1263.0,3313,2652
77,638.0,7501.0,15517.0,3641.0,4329.0,1336.0,3491,2778
78,637.0,7791.0,16139.0,3812.0,4531.0,1417.0,3682,2908
79,636.0,8107.0,16698.0,4028.0,4718.0,1497.0,3860,3043
80,635.0,8421.0,17277.0,4241.0,4926.0,1581.0,4064,3195
81,634.0,8730.0,17857.0,4436.0,5125.0,1684.0,4259,3346
82,633.0,9067.0,18475.0,4651.0,5348.0,1754.0,4440,3517
83,632.0,9454.0,19083.0,4877.0,5559.0,1837.0,4654,3691
84,631.0,9815.0,19649.0,5104.0,5779.0,1932.0,4881,3874
85,630.0,10181.0,20308.0,5342.0,6000.0,2030.0,5116,4036
86,629.0,10535.0,20922.0,5572.0,6252.0,2139.0,5359,4234
87,628.0,10919.0,21581.0,5793.0,6498.0,2237.0,5597,4420
88,627.0,11294.0,22276.0,6047.0,6759.0,2358.0,5827,4623
89,626.0,11699.0,22973.0,6306.0,6996.0,2491.0,6071,4817
90,625.0,12135.0,23684.0,6574.0,7286.0,2627.0,6303,5030
91,624.0,12534.0,24312.0,6877.0,7555.0,2767.0,6585,5235
92,623.0,12952.0,25056.0,7166.0,7828.0,2886.0,6862,5447
93,622.0,13376.0,25751.0,7457.0,8141.0,3028.0,7113,5681
94,621.0,13845.0,26493.0,7757.0,8451.0,3150.0,7409,5915
95,620.0,14309.0,27221.0,8056.0,8748.0,3272.0,7677,6148
96,619.0,14767.0,27959.0,8371.0,9037.0,3420.0,7971,6391
97,618.0,15229.0,28686.0,8715.0,9354.0,3561.0,8272,6654
98,617.0,15697.0,29485.0,9020.0,9681.0,3720.0,8536,6917
99,616.0,16166.0,30260.0,9395.0,10013.0,3873.0,8840,7172
100,615.0,16706.0,31039.0,9736.0,10370.0,4032.0,9145,7490
101,614.0,17248.0,31866.0,10078.0,10714.0,4187.0,9470,7763
102,613.0,17797.0,32658.0,10464.0,11056.0,4346.0,9806,8065
103,612.0,18358.0,33477.0,10848.0,11400.0,4523.0,10122,8350
104,611.0,18927.0,34290.0,11219.0,11712.0,4722.0,10460,8640
105,610.0,19481.0,35130.0,11615.0,12100.0,4917.0,10810,8965
106,609.0,20081.0,35994.0,12015.0,12496.0,5119.0,11152,9253
107,608.0,20660.0,36876.0,12435.0,12912.0,5299.0,11526,9571
108,607.0,21254.0,37744.0,12858.0,13303.0,5489.0,11908,9893
109,606.0,21866.0,38611.0,13279.0,13715.0,5717.0,12323,10212
110,605.0,22560.0,39525.0,13725.0,14133.0,5925.0,12715,10560
111,604.0,23232.0,40431.0,14189.0,14591.0,6157.0,13116,10915
112,603.0,23896.0,41377.0,14629.0,15057.0,6409.0,13489,11268
113,602.0,24547.0,42274.0,15084.0,15444.0,6655.0,13858,11618
114,601.0,25226.0,43222.0,15554.0,15862.0,6906.0,14274,12020
115,600.0,25941.0,44162.0,16048.0,16314.0,7147.0,14723,12381
116,599.0,26645.0,45122.0,16510.0,16721.0,7408.0,15165,12809
117,598.0,27341.0,46111.0,17020.0,17190.0,7688.0,15596,13222
118,597.0,28109.0,47088.0,17549.0,17669.0,7970.0,16037,13675
119,596.0,28854.0,48117.0,18059.0,18167.0,8250.0,16498,14104
120,595.0,29573.0,49113.0,18563.0,18611.0,8526.0,16963,14537
121,594.0,30319.0,50132.0,19118.0,19097.0,8813.0,17427,14962
122,593.0,31136.0,51170.0,19684.0,19586.0,9098.0,17896,15418
123,592.0,31893.0,52176.0,20281.0,20067.0,9372.0,18364,15885
124,591.0,32664.0,53210.0,20850.0,20612.0,9687.0,18866,16357
125,590.0,33462.0,54281.0,21457.0,21133.0,9994.0,19367,16829
126,589.0,34265.0,55355.0,22024.0,21709.0,10306.0,19848,17326
127,588.0,35077.0,56402.0,22618.0,22262.0,10654.0,20370,17849
128,587.0,35958.0,57472.0,23239.0,22847.0,10979.0,20871,18345
129,586.0,36819.0,58573.0,23893.0,23432.0,11306.0,21414,18894
130,585.0,37676.0,59698.0,24522.0,24015.0,11681.0,21975,19429
131,584.0,38526.0,60827.0,25153.0,24624.0,12032.0,22540,19945
132,583.0,39420.0,61893.0,25787.0,25200.0,12392.0,23072,20472
133,582.0,40304.0,63035.0,26424.0,25779.0,12774.0,23657,21030
134,581.0,41207.0,64188.0,27095.0,26389.0,13161.0,24194,21585
135,580.0,42114.0,65365.0,27764.0,27041.0,13549.0,24758,22155
136,579.0,43027.0,66467.0,28476.0,27642.0,13936.0,25354,22707
137,578.0,43977.0,67627.0,29151.0,28227.0,14358.0,25979,23287
138,577.0,44925.0,68843.0,29841.0,28843.0,14743.0,26585,23903
139,576.0,45897.0,69982.0,30538.0,29486.0,15197.0,27217,24496
140,575.0,46947.0,71135.0,31251.0,30122.0,15587.0,27849,25115
141,574.0,47907.0,72367.0,31945.0,30752.0,16049.0,28432,25738
142,573.0,48861.0,73543.0,32636.0,31384.0,16479.0,29092,26321
143,572.0,49827.0,74766.0,33407.0,32011.0,16897.0,29719,27001
144,571.0,50842.0,75906.0,34124.0,32759.0,17352.0,30395,27645
145,570.0,51895.0,77140.0,34852.0,33449.0,17781.0,31071,28267
146,569.0,52925.0,78357.0,35574.0,34113.0,18265.0,31811,28940
147,568.0,53926.0,79540.0,36336.0,34859.0,18740.0,32459,29617
148,567.0,54949.0,80773.0,37129.0,35578.0,19244.0,33120,30373
149,566.0,55959.0,82003.0,37938.0,36312.0,19731.0,33816,31055
150,565.0,57047.0,83217.0,38753.0,37053.0,20210.0,34544,31751
151,564.0,58092.0,84489.0,39606.0,37772.0,20716.0,35224,32477
152,563.0,59195.0,85729.0,40404.0,38484.0,21190.0,35978,33222
153,562.0,60300.0,87025.0,41266.0,39257.0,21699.0,36750,33947
154,561.0,61408.0,88293.0,42168.0,39974.0,22210.0,37460,34642
155,560.0,62527.0,89567.0,43018.0,40745.0,22754.0,38238,35398
156,559.0,63644.0,90901.0,43868.0,41539.0,23318.0,39011,36139
157,558.0,64821.0,92191.0,44724.0,42341.0,23848.0,39774,36982
158,557.0,66016.0,93476.0,45612.0,43166.0,24410.0,40557,37776
159,556.0,67119.0,94834.0,46572.0,43915.0,25007.0,41335,38616
160,555.0,68314.0,96089.0,47516.0,44734.0,25533.0,42144,39373
161,554.0,69571.0,97420.0,48470.0,45525.0,26093.0,42986,40216
162,553.0,70771.0,98716.0,49387.0,46358.0,26681.0,43820,41066
163,552.0,71998.0,100103.0,50338.0,47211.0,27258.0,44640,41898
164,551.0,73198.0,101503.0,51294.0,48043.0,27863.0,45451,42781
165,550.0,74466.0,102795.0,52220.0,48886.0,28512.0,46232,43618
166,549.0,75663.0,104116.0,53206.0,49758.0,29156.0,46998,44499
167,548.0,76893.0,105494.0,54135.0,50647.0,29805.0,47851,45373
168,547.0,78166.0,106820.0,55105.0,51463.0,30474.0,48733,46332
169,546.0,79430.0,108151.0,56118.0,52387.0,31135.0,49591,47198
170,545.0,80734.0,109540.0,57178.0,53254.0,31818.0,50411,48104
171,544.0,81978.0,110870.0,58177.0,54123.0,32478.0,51256,49040
172,543.0,83173.0,112214.0,59191.0,55062.0,33135.0,52155,50008
173,542.0,84384.0,113569.0,60165.0,55962.0,33844.0,53090,50997
174,541.0,85633.0,114968.0,61214.0,56901.0,34502.0,53976,51955
175,540.0,86942.0,116385.0,62311.0,57808.0,35233.0,54875,52958
176,539.0,88238.0,117811.0,63318.0,58817.0,35870.0,55755,53890
177,538.0,89520.0,119222.0,64379.0,59764.0,36597.0,56631,54810
178,537.0,90783.0,120651.0,65427.0,60743.0,37276.0,57486,55771
179,536.0,92075.0,122058.0,66504.0,61702.0,38034.0,58360,56764
180,535.0,93448.0,123435.0,67572.0,62665.0,38770.0,59235,57764
181,534.0,94763.0,124788.0,68627.0,63646.0,39472.0,60196,58832
182,533.0,96108.0,126208.0,69714.0,64596.0,40222.0,61142,59871
183,532.0,97392.0,127600.0,70806.0,65570.0,41026.0,62030,60948
184,531.0,98686.0,128942.0,71851.0,66544.0,41790.0,63017,61992
185,530.0,99984.0,130372.0,73020.0,67520.0,42570.0,63936,63075
186,529.0,101319.0,131782.0,74158.0,68522.0,43306.0,64867,64177
187,528.0,102673.0,133199.0,75279.0,69535.0,44062.0,65849,65220
188,527.0,104040.0,134593.0,76393.0,70573.0,44856.0,66843,66329
189,526.0,105431.0,135998.0,77523.0,71565.0,45681.0,67869,67428
190,525.0,106846.0,137488.0,78652.0,72572.0,46474.0,68889,68584
191,524.0,108202.0,138907.0,79803.0,73631.0,47284.0,69854,69728
192,523.0,109592.0,140403.0,81012.0,74566.0,48116.0,70854,70874
193,522.0,111038.0,141799.0,82193.0,75582.0,48911.0,71835,72028
194,521.0,112446.0,143264.0,83314.0,76578.0,49710.0,72807,73170
195,520.0,113880.0,144698.0,84432.0,77679.0,50536.0,73875,74303
196,519.0,115307.0,146141.0,85649.0,78689.0,51363.0,74886,75468
197,518.0,116712.0,147501.0,86875.0,79734.0,52168.0,75897,76618
198,517.0,118136.0,148936.0,88095.0,80757.0,52986.0,76938,77740
199,516.0,119572.0,150331.0,89282.0,81781.0,53804.0,78012,79003
200,515.0,121053.0,151757.0,90542.0,82846.0,54663.0,79105,80151
201,514.0,122496.0,153171.0,91816.0,83888.0,55546.0,80251,81363
202,513.0,123956.0,154550.0,93105.0,85035.0,56437.0,81346,82619
203,512.0,125339.0,155958.0,94355.0,86110.0,57297.0,82440,83871
204,511.0,126766.0,157359.0,95599.0,87208.0,58183.0,83527,85077
205,510.0,128279.0,158828.0,96807.0,88287.0,59092.0,84704,86368
206,509.0,129750.0,160203.0,98103.0,89407.0,59993.0,85827,87682
207,508.0,131200.0,161609.0,99361.0,90484.0,60944.0,86948,88962
208,507.0,132697.0,163015.0,100680.0,91562.0,61855.0,88055,90236
209,506.0,134151.0,164447.0,101963.0,92631.0,62794.0,89200,91464
210,505.0,135597.0,165842.0,103209.0,93772.0,63722.0,90348,92735
211,504.0,137053.0,167247.0,104489.0,94885.0,64674.0,91462,94060
212,503.0,138510.0,168670.0,105793.0,96023.0,65637.0,92622,95313
213,502.0,139904.0,170132.0,107111.0,97168.0,66578.0,93741,96583
214,501.0,141361.0,171454.0,108397.0,98319.0,67539.0,94891,97809
215,500.0,142881.0,172921.0,109722.0,99507.0,68464.0,96049,99094
216,499.0,144391.0,174394.0,111061.0,100709.0,69405.0,97211,100403
217,498.0,145875.0,175789.0,112391.0,101908.0,70430.0,98426,101686
218,497.0,147350.0,177201.0,113728.0,103118.0,71482.0,99611,102962
219,496.0,148869.0,178596.0,115107.0,104362.0,72457.0,100834,104263
220,495.0,150381.0,179984.0,116429.0,105524.0,73470.0,102018,105524
221,494.0,151865.0,181490.0,117785.0,106733.0,74478.0,103213,106839
222,493.0,153381.0,182908.0,119172.0,107979.0,75509.0,104424,108117
223,492.0,154848.0,184345.0,120507.0,109212.0,76579.0,105618,109426
224,491.0,156390.0,185784.0,121907.0,110417.0,77638.0,106749,110713
225,490.0,157920.0,187213.0,123275.0,111672.0,78633.0,107956,112033
226,489.0,159463.0,188599.0,124682.0,112929.0,79696.0,109175,113386
227,488.0,160983.0,190039.0,126087.0,114177.0,80816.0,110437,114655
228,487.0,162483.0,191461.0,127545.0,115409.0,81919.0,111724,116057
229,486.0,164055.0,192920.0,129013.0,116652.0,83016.0,112969,117344
230,485.0,165585.0,194389.0,130391.0,117903.0,84084.0,114216,118774
231,484.0,167136.0,195845.0,131781.0,119108.0,85142.0,115431,120070
232,483.0,168671.0,197169.0,133227.0,120408.0,86229.0,116656,121346
233,482.0,170142.0,198608.0,134658.0,121682.0,87270.0,117948,122696
234,481.0,171656.0,200016.0,136160.0,122901.0,88395.0,119224,124007
235,480.0,173219.0,201440.0,137646.0,124214.0,89544.0,120398,125301
236,479.0,174842.0,202887.0,139124.0,125497.0,90665.0,121631,126673
237,478.0,176475.0,204297.0,140526.0,126800.0,91807.0,122878,128017
238,477.0,178120.0,205778.0,141960.0,128060.0,92959.0,124155,129337
239,476.0,179665.0,207250.0,143428.0,129399.0,94127.0,125402,130682
240,475.0,181262.0,208687.0,144952.0,130659.0,95249.0,126705,132063
241,474.0,182785.0,210109.0,146428.0,131966.0,96438.0,127998,133352
242,473.0,184349.0,211459.0,147855.0,133310.0,97599.0,129271,134636
243,472.0,185975.0,212907.0,149279.0,134604.0,98741.0,130602,136032
244,471.0,187565.0,214321.0,150749.0,135954.0,99938.0,131857,137394
245,470.0,189083.0,215801.0,152213.0,137269.0,101077.0,133138,138663
246,469.0,190631.0,217220.0,153726.0,138568.0,102355.0,134428,139997
247,468.0,192193.0,218640.0,155299.0,139883.0,103612.0,135713,141384
248,467.0,193798.0,220020.0,156834.0,141173.0,104754.0,137044,142629
249,466.0,195410.0,221408.0,158333.0,142492.0,105972.0,138336,143910
250,465.0,197054.0,222839.0,159888.0,143825.0,107188.0,139691,145211
251,464.0,198637.0,224244.0,161404.0,145144.0,108360.0,141002,146501
252,463.0,200256.0,225637.0,162953.0,146450.0,109551.0,142305,147774
253,462.0,201854.0,227021.0,164407.0,147736.0,110810.0,143623,149062
254,461.0,203404.0,228392.0,165929.0,149103.0,112073.0,144846,150291
255,460.0,205000.0,229756.0,167432.0,150408.0,113302.0,146130,151497
256,459.0,206643.0,231205.0,168910.0,151756.0,114586.0,147444,152778
257,458.0,208283.0,232685.0,170400.0,153104.0,115820.0,148755,154068
258,457.0,209890.0,234014.0,171994.0,154476.0,116990.0,150006,155363
259,456.0,211482.0,235408.0,173485.0,155853.0,118247.0,151353,156666
260,455.0,213085.0,236806.0,175024.0,157199.0,119499.0,152681,157935
261,454.0,214734.0,238237.0,176534.0,158555.0,120745.0,153953,159263
262,453.0,216337.0,239641.0,178112.0,159838.0,121994.0,155209,160589
263,452.0,217907.0,241022.0,179660.0,161238.0,123240.0,156507,161847
264,451.0,219532.0,242386.0,181267.0,162553.0,124488.0,157809,163101
265,450.0,221117.0,243730.0,182812.0,163888.0,125749.0,159073,164367
266,449.0,222771.0,245038.0,184336.0,165288.0,127030.0,160352,165629
267,448.0,224338.0,246379.0,185877.0,166668.0,128280.0,161742,166910
268,447.0,225988.0,247757.0,187430.0,168099.0,129580.0,163055,168139
269,446.0,227590.0,249117.0,189057.0,169476.0,130905.0,164362,169390
270,445.0,229192.0,250424.0,190661.0,170826.0,132176.0,165647,170618
271,444.0,230786.0,251828.0,192243.0,172231.0,133484.0,166935,171838
272,443.0,232325.0,253224.0,193825.0,173642.0,134821.0,168242,173046
273,442.0,233927.0,254580.0,195442.0,175046.0,136154.0,169499,174340
274,441.0,235515.0,255937.0,197053.0,176425.0,137486.0,170753,175551
275,440.0,237132.0,257231.0,198658.0,177786.0,138797.0,171965,176702
276,439.0,238693.0,258623.0,200217.0,179170.0,140090.0,173224,177829
277,438.0,240321.0,259953.0,201696.0,180543.0,141401.0,174543,179031
278,437.0,241940.0,261238.0,203316.0,181968.0,142717.0,175825,180223
279,436.0,243532.0,262570.0,204917.0,183409.0,144009.0,177073,181441
280,435.0,245065.0,263849.0,206509.0,184787.0,145330.0,178318,182651
281,434.0,246717.0,265198.0,208112.0,186172.0,146666.0,179594,183839
282,433.0,248295.0,266534.0,209699.0,187538.0,147954.0,180822,185012
283,432.0,249868.0,267893.0,211300.0,188928.0,149264.0,182096,186221
284,431.0,251493.0,269150.0,212792.0,190262.0,150662.0,183363,187402
285,430.0,253042.0,270424.0,214312.0,191652.0,152038.0,184662,188622
286,429.0,254608.0,271775.0,215808.0,193026.0,153391.0,185973,189788
287,428.0,256159.0,273118.0,217384.0,194502.0,154750.0,187229,190905
288,427.0,257747.0,274383.0,218977.0,195850.0,156110.0,188441,192049
289,426.0,259330.0,275609.0,220514.0,197157.0,157415.0,189685,193237
290,425.0,260851.0,276885.0,222067.0,198558.0,158692.0,190908,194316
291,424.0,262361.0,278111.0,223648.0,199851.0,160061.0,192147,195542
292,423.0,263892.0,279339.0,225127.0,201281.0,161415.0,193341,196673
293,422.0,265432.0,280614.0,226764.0,202671.0,162718.0,194592,197844
294,421.0,266965.0,281879.0,228295.0,204059.0,164009.0,195843,198952
295,420.0,268493.0,283127.0,229909.0,205421.0,165297.0,197031,200068
296,419.0,269968.0,284340.0,231433.0,206814.0,166587.0,198248,201211
297,418.0,271535.0,285539.0,232966.0,208167.0,167915.0,199488,202327
298,417.0,273082.0,286788.0,234488.0,209576.0,169165.0,200685,203466
299,416.0,274530.0,288004.0,235936.0,210923.0,170472.0,201886,204602
300,415.0,276009.0,289156.0,237441.0,212276.0,171775.0,203154,205772
301,414.0,277505.0,290319.0,238977.0,213704.0,173111.0,204344,206854
302,413.0,279013.0,291515.0,240565.0,215061.0,174435.0,205527,208004
303,412.0,280640.0,292721.0,242062.0,216449.0,175678.0,206731,209084
304,411.0,282125.0,293890.0,243516.0,217868.0,176960.0,207954,210168
305,410.0,283600.0,295095.0,244999.0,219285.0,178298.0,209155,211284
306,409.0,284988.0,296276.0,246460.0,220635.0,179649.0,210414,212392
307,408.0,286455.0,297446.0,247892.0,222040.0,180995.0,211631,213435
308,407.0,287920.0,298628.0,249416.0,223403.0,182265.0,212841,214456
309,406.0,289382.0,299822.0,250790.0,224743.0,183594.0,213996,215490
310,405.0,290800.0,300980.0,252264.0,226120.0,184879.0,215186,216594
311,404.0,292189.0,302145.0,253798.0,227438.0,186140.0,216348,217631
312,403.0,293683.0,303342.0,255219.0,228766.0,187480.0,217512,218778
313,402.0,295123.0,304554.0,256652.0,230105.0,188865.0,218653,219865
314,401.0,296564.0,305684.0,258045.0,231510.0,190199.0,219791,220874
315,400.0,297990.0,306756.0,259513.0,232837.0,191494.0,220945,221982
316,399.0,299464.0,307862.0,260916.0,234204.0,192768.0,222113,223013
317,398.0,300860.0,308943.0,262381.0,235582.0,194034.0,223267,224078
318,397.0,302239.0,310060.0,263856.0,236908.0,195300.0,224366,225112
319,396.0,303678.0,311189.0,265263.0,238242.0,196567.0,225483,226089
320,395.0,305066.0,312240.0,266754.0,239549.0,197820.0,226657,227125
321,394.0,306512.0,313381.0,268221.0,240874.0,199075.0,227780,228061
322,393.0,307958.0,314483.0,269668.0,242153.0,200354.0,228862,229097
323,392.0,309359.0,315606.0,271093.0,243429.0,201626.0,230023,230146
324,391.0,310754.0,316676.0,272463.0,244748.0,202904.0,231171,231217
325,390.0,312127.0,317769.0,273805.0,246011.0,204233.0,232274,232240
326,389.0,313390.0,318845.0,275178.0,247294.0,205550.0,233343,233192
327,388.0,314712.0,319966.0,276546.0,248595.0,206754.0,234456,234155
328,387.0,316017.0,321046.0,277885.0,249880.0,208011.0,235512,235148
329,386.0,317337.0,322130.0,279199.0,251170.0,209343.0,236607,236165
330,385.0,318688.0,323233.0,280520.0,252414.0,210636.0,237688,237154
331,384.0,319936.0,324305.0,281872.0,253689.0,211839.0,238792,238152
332,383.0,321298.0,325347.0,283159.0,254917.0,213090.0,239870,239093
333,382.0,322619.0,326354.0,284500.0,256196.0,214356.0,240995,240084
334,381.0,323916.0,327432.0,285813.0,257477.0,215567.0,242101,241065
335,380.0,325201.0,328522.0,287121.0,258797.0,216850.0,243208,242053
336,379.0,326501.0,329507.0,288314.0,260091.0,218091.0,244236,243078
337,378.0,327739.0,330483.0,289541.0,261356.0,219274.0,245322,243996
338,377.0,328956.0,331481.0,290804.0,262622.0,220481.0,246394,244989
339,376.0,330152.0,332556.0,292144.0,263895.0,221686.0,247452,245942
340,375.0,331449.0,333566.0,293411.0,265175.0,222903.0,248517,246921
341,374.0,332635.0,334598.0,294694.0,266423.0,224167.0,249652,247868
342,373.0,333837.0,335607.0,295910.0,267716.0,225425.0,250669,248841
343,372.0,335103.0,336590.0,297098.0,268995.0,226678.0,251747,249790
344,371.0,336342.0,337467.0,298324.0,270203.0,227874.0,252808,250737
345,370.0,337562.0,338443.0,299513.0,271515.0,229133.0,253833,251676
346,369.0,338774.0,339363.0,300716.0,272747.0,230381.0,254876,252689
347,368.0,339984.0,340374.0,301945.0,273949.0,231585.0,255905,253696
348,367.0,341260.0,341362.0,303116.0,275155.0,232766.0,256923,254658
349,366.0,342443.0,342287.0,304270.0,276403.0,234011.0,257985,255620
350,365.0,343595.0,343284.0,305452.0,277658.0,235169.0,259028,256561
351,364.0,344792.0,344195.0,306643.0,278868.0,236337.0,260059,257516
352,363.0,345910.0,345124.0,307790.0,280018.0,237432.0,261090,258438
353,362.0,347076.0,346093.0,308904.0,281215.0,238587.0,262108,259389
354,361.0,348237.0,347054.0,310036.0,282389.0,239708.0,263124,260330
355,360.0,349363.0,348047.0,311169.0,283531.0,240880.0,264177,261236
356,359.0,350512.0,348951.0,312238.0,284755.0,241986.0,265220,262174
357,358.0,351616.0,349844.0,313379.0,285942.0,243098.0,266217,263153
358,357.0,352759.0,350773.0,314528.0,287098.0,244261.0,267165,264109
359,356.0,353925.0,351680.0,315698.0,288190.0,245509.0,268121,265072
360,355.0,355056.0,352584.0,316823.0,289306.0,246709.0,269118,266015
361,354.0,356200.0,353488.0,317880.0,290400.0,247811.0,270088,267006
362,353.0,357342.0,354373.0,318932.0,291538.0,248971.0,271076,267885
363,352.0,358450.0,355317.0,319985.0,292683.0,250171.0,272074,268765
364,351.0,359516.0,356216.0,321021.0,293837.0,251349.0,273035,269671
365,350.0,360652.0,357092.0,322076.0,295001.0,252432.0,274078,270577
366,349.0,361705.0,357968.0,323147.0,296117.0,253600.0,275009,271431
367,348.0,362820.0,358905.0,324214.0,297282.0,254687.0,275920,272307
368,347.0,363896.0,359761.0,325199.0,298382.0,255748.0,276890,273201
369,346.0,364977.0,360667.0,326204.0,299450.0,256856.0,277827,274091
370,345.0,366020.0,361541.0,327228.0,300504.0,257985.0,278758,275008
371,344.0,367121.0,362358.0,328189.0,301594.0,259120.0,279674,275846
372,343.0,368119.0,363272.0,329205.0,302686.0,260180.0,280663,276725
373,342.0,369106.0,364119.0,330199.0,303765.0,261217.0,281596,277572
374,341.0,370148.0,364980.0,331208.0,304807.0,262335.0,282529,278475
375,340.0,371134.0,365881.0,332187.0,305866.0,263416.0,283466,279385
376,339.0,372139.0,366728.0,333108.0,306926.0,264512.0,284411,280216
377,338.0,373202.0,367587.0,334091.0,308028.0,265561.0,285267,281039
378,337.0,374211.0,368399.0,335039.0,309072.0,266605.0,286123,281873
379,336.0,375206.0,369237.0,336003.0,310140.0,267604.0,287048,282713
380,335.0,376195.0,370014.0,336961.0,311158.0,268657.0,287925,283565
381,334.0,377182.0,370822.0,337853.0,312261.0,269734.0,288826,284430
382,333.0,378146.0,371656.0,338791.0,313297.0,270796.0,289708,285244
383,332.0,379179.0,372447.0,339721.0,314282.0,271808.0,290570,286116
384,331.0,380279.0,373266.0,340626.0,315286.0,272799.0,291410,286983
385,330.0,381264.0,374107.0,341514.0,316288.0,273856.0,292274,287892
386,329.0,382293.0,374862.0,342441.0,317292.0,274954.0,293138,288708
387,328.0,383281.0,375675.0,343323.0,318265.0,276010.0,294035,289568
388,327.0,384210.0,376510.0,344254.0,319239.0,276989.0,294930,290412
389,326.0,385153.0,377330.0,345103.0,320249.0,278034.0,295774,291238
390,325.0,386069.0,378124.0,345975.0,321231.0,278994.0,296652,292059
391,324.0,386979.0,378890.0,346849.0,322208.0,280007.0,297507,292871
392,323.0,387897.0,379664.0,347709.0,323169.0,280995.0,298368,293680
393,322.0,388828.0,380446.0,348525.0,324154.0,281999.0,299210,294453
394,321.0,389729.0,381259.0,349343.0,325141.0,282991.0,300018,295254
395,320.0,390620.0,382059.0,350172.0,326121.0,284005.0,300874,296082
396,319.0,391524.0,382852.0,351014.0,327062.0,284974.0,301681,296879
397,318.0,392430.0,383618.0,351805.0,328010.0,285935.0,302512,297701
398,317.0,393342.0,384391.0,352639.0,328910.0,286916.0,303325,298539
399,316.0,394239.0,385137.0,353399.0,329864.0,287885.0,304139,299320
400,315.0,395179.0,385845.0,354162.0,330783.0,288813.0,304939,300117
401,314.0,396105.0,386613.0,354926.0,331730.0,289774.0,305782,300907
402,313.0,397005.0,387364.0,355658.0,332639.0,290661.0,306589,301705
403,312.0,397807.0,388069.0,356456.0,333531.0,291650.0,307396,302495
404,311.0,398638.0,388801.0,357193.0,334349.0,292614.0,308208,303265
405,310.0,399514.0,389527.0,357953.0,335243.0,293562.0,308992,304051
406,309.0,400374.0,390263.0,358677.0,336185.0,294453.0,309742,304872
407,308.0,401229.0,391008.0,359459.0,337081.0,295376.0,310533,305637
408,307.0,402043.0,391763.0,360176.0,337953.0,296273.0,311332,306428
409,306.0,402848.0,392493.0,360920.0,338796.0,297161.0,312104,307218
410,305.0,403678.0,393189.0,361674.0,339666.0,298077.0,312852,307951
411,304.0,404499.0,393919.0,362358.0,340570.0,299016.0,313663,308703
412,303.0,405312.0,394668.0,363054.0,341381.0,299942.0,314422,309485
413,302.0,406113.0,395401.0,363748.0,342188.0,300892.0,315207,310201
414,301.0,406940.0,396138.0,364411.0,343077.0,301799.0,315947,310951
415,300.0,407732.0,396822.0,365066.0,343940.0,302681.0,316693,311741
416,299.0,408563.0,397511.0,365757.0,344747.0,303591.0,317419,312436
417,298.0,409340.0,398229.0,366418.0,345565.0,304408.0,318139,313146
418,297.0,410094.0,398938.0,367049.0,346372.0,305273.0,318838,313859
419,296.0,410866.0,399630.0,367698.0,347113.0,306115.0,319542,314566
420,295.0,411653.0,400314.0,368316.0,347887.0,306988.0,320269,315344
421,294.0,412416.0,400947.0,368971.0,348678.0,307836.0,321004,316007
422,293.0,413163.0,401615.0,369553.0,349476.0,308741.0,321704,316705
423,292.0,413902.0,402307.0,370175.0,350241.0,309597.0,322430,317401
424,291.0,414635.0,403015.0,370803.0,350992.0,310484.0,323128,318080
425,290.0,415412.0,403692.0,371396.0,351741.0,311344.0,323856,318800
426,289.0,416144.0,404385.0,372016.0,352522.0,312162.0,324572,319505
427,288.0,416885.0,405063.0,372589.0,353265.0,312988.0,325212,320207
428,287.0,417605.0,405742.0,373170.0,354012.0,313824.0,325888,320881
429,286.0,418301.0,406423.0,373741.0,354759.0,314656.0,326540,321522
430,285.0,419012.0,407091.0,374314.0,355501.0,315474.0,327297,322198
431,284.0,419727.0,407733.0,374874.0,356225.0,316293.0,327960,322868
432,283.0,420453.0,408411.0,375438.0,356935.0,317087.0,328611,323507
433,282.0,421149.0,409058.0,376042.0,357618.0,317885.0,329312,324161
434,281.0,421796.0,409716.0,376608.0,358276.0,318693.0,329956,324818
435,280.0,422454.0,410375.0,377151.0,358929.0,319452.0,330599,325423
436,279.0,423123.0,410996.0,377698.0,359639.0,320214.0,331233,326037
437,278.0,423765.0,411657.0,378213.0,360298.0,320991.0,331837,326701
438,277.0,424438.0,412326.0,378754.0,360963.0,321743.0,332436,327333
439,276.0,425090.0,412987.0,379243.0,361580.0,322479.0,333055,328031
440,275.0,425697.0,413599.0,379752.0,362239.0,323259.0,333662,328629
441,274.0,426369.0,414194.0,380241.0,362920.0,323982.0,334256,329229
442,273.0,427049.0,414845.0,380742.0,363574.0,324746.0,334862,329838
443,272.0,427653.0,415436.0,381223.0,364250.0,325453.0,335475,330436
444,271.0,428302.0,416089.0,381711.0,364886.0,326189.0,336132,331014
445,270.0,428892.0,416675.0,382220.0,365457.0,326904.0,336762,331642
446,269.0,429517.0,417301.0,382707.0,366084.0,327610.0,337359,332238
447,268.0,430120.0,417967.0,383144.0,366677.0,328306.0,337930,332822
448,267.0,430749.0,418534.0,383609.0,367339.0,329021.0,338510,333419
449,266.0,431380.0,419160.0,384041.0,367967.0,329682.0,339074,334008
450,265.0,431962.0,419800.0,384475.0,368574.0,330387.0,339705,334589
451,264.0,432550.0,420425.0,384893.0,369114.0,331068.0,340292,335185
452,263.0,433155.0,421047.0,385319.0,369732.0,331809.0,340855,335762
453,262.0,433732.0,421653.0,385748.0,370323.0,332535.0,341412,336368
454,261.0,434307.0,422252.0,386186.0,370903.0,333174.0,341931,336905
455,260.0,434859.0,422837.0,386595.0,371489.0,333795.0,342461,337433
456,259.0,435417.0,423399.0,387023.0,372075.0,334501.0,342995,337963
457,258.0,435998.0,423982.0,387416.0,372645.0,335123.0,343551,338496
458,257.0,436499.0,424551.0,387837.0,373192.0,335758.0,344111,339005
459,256.0,437059.0,425150.0,388197.0,373710.0,336441.0,344640,339529
460,255.0,437595.0,425718.0,388606.0,374268.0,337102.0,345177,340044
461,254.0,438140.0,426344.0,389008.0,374791.0,337721.0,345689,340566
462,253.0,438705.0,426855.0,389350.0,375327.0,338355.0,346227,341081
463,252.0,439233.0,427467.0,389742.0,375879.0,338994.0,346766,341573
464,251.0,439728.0,428032.0,390094.0,376417.0,339634.0,347258,342093
465,250.0,440238.0,428542.0,390490.0,376892.0,340251.0,347799,342574
466,249.0,440763.0,429091.0,390850.0,377424.0,340876.0,348330,343075
467,248.0,441245.0,429651.0,391215.0,377937.0,341509.0,348860,343579
468,247.0,441747.0,430178.0,391555.0,378428.0,342121.0,349353,344072
469,246.0,442215.0,430769.0,391914.0,378906.0,342690.0,349827,344555
470,245.0,442647.0,431325.0,392276.0,379384.0,343286.0,350261,345044
471,244.0,443114.0,431853.0,392618.0,379835.0,343852.0,350725,345491
472,243.0,443595.0,432381.0,392959.0,380253.0,344414.0,351192,345943
473,242.0,444060.0,432911.0,393296.0,380731.0,344984.0,351687,346405
474,241.0,444547.0,433423.0,393616.0,381206.0,345559.0,352125,346831
475,240.0,445014.0,433991.0,393964.0,381674.0,346102.0,352577,347285
476,239.0,445438.0,434494.0,394286.0,382099.0,346612.0,353028,347732
477,238.0,445896.0,435049.0,394591.0,382495.0,347123.0,353448,348163
478,237.0,446311.0,435584.0,394854.0,382891.0,347662.0,353907,348613
479,236.0,446728.0,436104.0,395128.0,383314.0,348216.0,354334,349044
480,235.0,447179.0,436617.0,395409.0,383730.0,348736.0,354787,349446
481,234.0,447618.0,437131.0,395687.0,384126.0,349213.0,355252,349852
482,233.0,448064.0,437656.0,395957.0,384549.0,349722.0,355640,350263
483,232.0,448501.0,438203.0,396268.0,384921.0,350234.0,356058,350619
484,231.0,448918.0,438746.0,396549.0,385302.0,350763.0,356474,350984
485,230.0,449315.0,439267.0,396828.0,385661.0,351265.0,356878,351348
486,229.0,449726.0,439768.0,397104.0,386018.0,351701.0,357287,351736
487,228.0,450128.0,440250.0,397353.0,386365.0,352170.0,357700,352105
488,227.0,450521.0,440743.0,397624.0,386726.0,352659.0,358077,352472
489,226.0,450903.0,441249.0,397840.0,387084.0,353118.0,358439,352812
490,225.0,451285.0,441760.0,398118.0,387438.0,353571.0,358821,353165
491,224.0,451633.0,442315.0,398375.0,387769.0,354077.0,359184,353492
492,223.0,451974.0,442810.0,398594.0,388119.0,354492.0,359578,353829
493,222.0,452325.0,443281.0,398845.0,388445.0,354957.0,359922,354146
494,221.0,452677.0,443779.0,399096.0,388777.0,355376.0,360310,354478
495,220.0,453026.0,444277.0,399318.0,389093.0,355799.0,360672,354797
496,219.0,453382.0,444795.0,399547.0,389398.0,356233.0,361032,355122
497,218.0,453704.0,445259.0,399758.0,389710.0,356639.0,361395,355394
498,217.0,454032.0,445751.0,400000.0,390015.0,357026.0,361768,355685
499,216.0,454376.0,446199.0,400207.0,390302.0,357442.0,362134,355977
500,215.0,454702.0,446694.0,400438.0,390585.0,357799.0,362459,356267
501,214.0,455017.0,447174.0,400676.0,390868.0,358171.0,362791,356560
502,213.0,455308.0,447612.0,400876.0,391150.0,358551.0,363128,356841
503,212.0,455597.0,448065.0,401100.0,391460.0,358901.0,363477,357094
504,211.0,455911.0,448486.0,401306.0,391715.0,359254.0,363790,357351
505,210.0,456186.0,448936.0,401483.0,391968.0,359649.0,364101,357629
506,209.0,456476.0,449393.0,401654.0,392247.0,360008.0,364396,357874
507,208.0,456752.0,449800.0,401839.0,392511.0,360364.0,364698,358109
508,207.0,457006.0,450210.0,402008.0,392769.0,360658.0,365011,358318
509,206.0,457281.0,450666.0,402195.0,392993.0,360998.0,365319,358544
510,205.0,457553.0,451088.0,402381.0,393217.0,361323.0,365624,358790
511,204.0,457845.0,451504.0,402550.0,393432.0,361626.0,365893,359013
512,203.0,458113.0,451962.0,402720.0,393678.0,361965.0,366173,359218
513,202.0,458390.0,452394.0,402877.0,393924.0,362301.0,366461,359419
514,201.0,458630.0,452805.0,403058.0,394137.0,362602.0,366711,359628
515,200.0,458864.0,453190.0,403223.0,394350.0,362907.0,366967,359837
516,199.0,459117.0,453604.0,403376.0,394560.0,363217.0,367245,360003
517,198.0,459356.0,453983.0,403517.0,394762.0,363510.0,367508,360197
518,197.0,459596.0,454358.0,403669.0,394984.0,363821.0,367759,360396
519,196.0,459792.0,454776.0,403800.0,395187.0,364098.0,367989,360588
520,195.0,459997.0,455158.0,403800.0,395379.0,364398.0,368234,360768
521,194.0,460221.0,455548.0,404116.0,395581.0,364651.0,368488,360917
522,193.0,460400.0,455919.0,404280.0,395757.0,364944.0,368718,361088
523,192.0,460593.0,456317.0,404399.0,395927.0,365225.0,368975,361247
524,191.0,460774.0,456681.0,404523.0,396109.0,365486.0,369203,361405
525,190.0,460973.0,457092.0,404668.0,396279.0,365717.0,369435,361561
526,189.0,461158.0,457506.0,404809.0,396447.0,365976.0,369670,361714
527,188.0,461360.0,457817.0,404915.0,396639.0,366226.0,369867,361871
528,187.0,461527.0,458170.0,405019.0,396781.0,366462.0,370075,362021
529,186.0,461722.0,458525.0,405138.0,396945.0,366678.0,370257,362168
530,185.0,461893.0,458886.0,405251.0,397094.0,366921.0,370455,362313
531,184.0,462049.0,459239.0,405350.0,397239.0,367151.0,370647,362438
532,183.0,462202.0,459583.0,405460.0,397387.0,367377.0,370829,362562
533,182.0,462368.0,459924.0,405558.0,397499.0,367582.0,371033,362701
534,181.0,462526.0,460216.0,405657.0,397621.0,367782.0,371196,362826
535,180.0,462670.0,460554.0,405762.0,397747.0,367984.0,371374,362951
536,179.0,462822.0,460857.0,405864.0,397851.0,368194.0,371512,363063
537,178.0,462962.0,461152.0,405959.0,397980.0,368403.0,371673,363163
538,177.0,463097.0,461433.0,406064.0,398085.0,368609.0,371846,363275
539,176.0,463240.0,461726.0,406159.0,398211.0,368771.0,372008,363374
540,175.0,463368.0,462004.0,406244.0,398311.0,368957.0,372148,363479
541,174.0,463495.0,462267.0,406309.0,398415.0,369123.0,372285,363567
542,173.0,463602.0,462530.0,406411.0,398513.0,369269.0,372437,363648
543,172.0,463714.0,462794.0,406491.0,398608.0,369436.0,372576,363741
544,171.0,463831.0,463032.0,406555.0,398703.0,369581.0,372717,363825
545,170.0,463930.0,463291.0,406625.0,398786.0,369750.0,372848,363901
546,169.0,464029.0,463539.0,406709.0,398876.0,369890.0,372994,363976
547,168.0,464140.0,463790.0,406787.0,398980.0,370044.0,373105,364039
548,167.0,464242.0,464044.0,406865.0,399075.0,370169.0,373210,364114
549,166.0,464342.0,464260.0,406925.0,399163.0,370293.0,373326,364176
550,165.0,464444.0,464477.0,407006.0,399241.0,370435.0,373450,364250
551,164.0,464526.0,464706.0,407068.0,399308.0,370550.0,373560,364319
552,163.0,464595.0,464926.0,407115.0,399382.0,370689.0,373651,364399
553,162.0,464679.0,465113.0,407166.0,399436.0,370808.0,373742,364450
554,161.0,464756.0,465352.0,407230.0,399517.0,370930.0,373838,364505
555,160.0,464826.0,465519.0,407280.0,399584.0,371027.0,373949,364560
556,159.0,464907.0,465729.0,407355.0,399644.0,371119.0,374054,364619
557,158.0,464973.0,465933.0,407410.0,399706.0,371217.0,374140,364682
558,157.0,465042.0,466091.0,407468.0,399766.0,371300.0,374219,364737
559,156.0,465111.0,466239.0,407497.0,399832.0,371392.0,374289,364779
560,155.0,465179.0,466416.0,407538.0,399901.0,371476.0,374373,364818
561,154.0,465242.0,466586.0,407578.0,399956.0,371560.0,374430,364860
562,153.0,465301.0,466750.0,407618.0,400010.0,371641.0,374494,364903
563,152.0,465355.0,466922.0,407645.0,400067.0,371705.0,374562,364947
564,151.0,465422.0,467074.0,407686.0,400117.0,371786.0,374631,364992
565,150.0,465469.0,467233.0,407727.0,400174.0,371860.0,374705,365022
566,149.0,465506.0,467380.0,407769.0,400211.0,371921.0,374769,365056
567,148.0,465544.0,467515.0,407810.0,400258.0,371996.0,374825,365073
568,147.0,465602.0,467650.0,407856.0,400298.0,372062.0,374883,365102
569,146.0,465637.0,467777.0,407885.0,400343.0,372126.0,374937,365131
570,145.0,465680.0,467893.0,407910.0,400377.0,372202.0,374982,365157
571,144.0,465725.0,468001.0,407949.0,400407.0,372253.0,375033,365189
572,143.0,465753.0,468109.0,407986.0,400436.0,372308.0,375085,365212
573,142.0,465790.0,468207.0,408013.0,400463.0,372348.0,375133,365235
574,141.0,465814.0,468301.0,408037.0,400495.0,372400.0,375176,365258
575,140.0,465855.0,468378.0,408059.0,400537.0,372448.0,375222,365279
576,139.0,465885.0,468458.0,408083.0,400565.0,372495.0,375260,365298
577,138.0,465915.0,468534.0,408103.0,400596.0,372542.0,375293,365323
578,137.0,465945.0,468613.0,408126.0,400618.0,372582.0,375328,365343
579,136.0,465973.0,468684.0,408148.0,400644.0,372620.0,375362,365361
580,135.0,466000.0,468766.0,408173.0,400665.0,372659.0,375396,365374
581,134.0,466020.0,468851.0,408190.0,400698.0,372691.0,375439,365389
582,133.0,466032.0,468933.0,408221.0,400719.0,372727.0,375473,365401
583,132.0,466058.0,469006.0,408244.0,400748.0,372755.0,375501,365417
584,131.0,466080.0,469086.0,408257.0,400767.0,372781.0,375529,365430
585,130.0,466099.0,469155.0,408277.0,400788.0,372811.0,375559,365448
586,129.0,466121.0,469225.0,408290.0,400808.0,372837.0,375585,365463
587,128.0,466142.0,469278.0,409309.0,400824.0,372872.0,375606,365482
588,127.0,466164.0,469338.0,408322.0,400845.0,372893.0,375628,365501
589,126.0,466183.0,469403.0,408343.0,400870.0,372915.0,375652,365511
590,125.0,466195.0,469463.0,408354.0,400888.0,372939.0,375670,365518
591,124.0,466210.0,469520.0,408364.0,400900.0,372960.0,375686,365527
592,123.0,466233.0,469558.0,408381.0,400911.0,372973.0,375704,365531
593,122.0,466252.0,469605.0,408391.0,400932.0,372987.0,375727,365542
594,121.0,466265.0,469651.0,408397.0,400949.0,372997.0,375749,365551
595,120.0,466281.0,469706.0,408406.0,400970.0,373016.0,375758,365563
596,119.0,466293.0,469752.0,408418.0,400983.0,373027.0,375768,365572
597,118.0,466307.0,469808.0,408430.0,400988.0,373042.0,375786,365584
598,117.0,466320.0,469845.0,408436.0,401003.0,373056.0,375801,365592
599,116.0,466330.0,469883.0,408443.0,401010.0,373062.0,375821,365603
600,115.0,466338.0,469928.0,408454.0,401018.0,373077.0,375837,365614
601,114.0,466349.0,469968.0,408463.0,401026.0,373087.0,375845,365624
602,113.0,466356.0,470003.0,408468.0,401037.0,373095.0,375861,365629
603,112.0,466369.0,470038.0,408483.0,401045.0,373106.0,375874,365632
604,111.0,466380.0,470073.0,408489.0,401053.0,373115.0,375887,365637
605,110.0,466389.0,470100.0,408494.0,401063.0,373129.0,375898,365648
606,109.0,466402.0,470125.0,408503.0,401071.0,373135.0,375907,365659
607,108.0,466411.0,470155.0,408509.0,401081.0,373142.0,375918,365668
608,107.0,466420.0,470179.0,408517.0,401089.0,373157.0,375923,365671
609,106.0,466429.0,470213.0,408520.0,401098.0,373171.0,375931,365676
610,105.0,466439.0,470243.0,408529.0,401107.0,373174.0,375941,365680
611,104.0,466448.0,470269.0,408534.0,401112.0,373184.0,375950,365686
612,103.0,466460.0,470304.0,408541.0,401120.0,373190.0,375957,365686
613,102.0,466470.0,470332.0,408547.0,401125.0,373196.0,375969,365686
614,101.0,466478.0,470351.0,408551.0,401135.0,373202.0,375979,365686
615,100.0,466487.0,470378.0,408557.0,401141.0,373210.0,375982,365686
