,Unnamed: 0,Unnamed: 0.1,Unnamed: 0.1.1,2021rank,name,省市,学校类型,总得分,Unnamed: 0.1.1.1,batch,bp,bp2020,2021,2020,2019,2018,2017,2016,2015
0,0,0,0,1,清华大学,北京,综合,969.2,695,本科一批,86,86.0,83,87,83,88,89,76,72
1,1,1,1,2,北京大学,北京,综合,855.3,41,本科一批,100,98.0,111,107,96,95,103,84,77
2,2,2,2,3,浙江大学,浙江,综合,768.7,1117,本科一批,502,484.0,383,556,496,431,526,486,530
3,3,3,3,4,上海交通大学,上海,综合,723.4,782,本科一批,233,245.0,203,197,194,207,336,150,169
4,4,4,4,5,南京大学,江苏,综合,654.8,607,本科一批,719,724.0,836,705,781,664,730,856,994
5,5,5,5,6,复旦大学,上海,综合,649.7,167,本科一批,279,273.0,227,298,173,230,417,232,243
6,6,6,6,7,中国科学技术大学,安徽,理工,577.0,1159,本科一批,635,637.0,716,627,574,564,776,735,761
7,7,7,7,8,华中科技大学,湖北,综合,574.3,436,本科一批,3720,3756.0,2928,3612,3641,3598,4032,3860,4036
8,8,8,8,9,武汉大学,湖北,综合,567.9,928,本科一批,10432,10481.0,3618,4347,4241,3421,16897,3313,3346
9,9,9,9,10,西安交通大学,陕西,综合,537.9,960,本科一批,2305,2225.0,2928,2546,2783,1863,2030,2018,1912
10,10,10,10,11,哈尔滨工业大学,黑龙江,理工,522.6,253,本科一批,4300,4725.0,3232,3375,4651,6498,3028,2827,2379
11,11,11,11,12,中山大学,广东,综合,519.3,1187,本科一批,4915,4211.0,5586,7026,5342,3421,3873,3682,4234
12,12,13,13,14,四川大学,四川,综合,516.6,838,本科一批,6361,6363.0,6374,6356,6877,5559,6655,6585,7172
13,13,14,14,15,北京航空航天大学,北京,理工,513.8,50,本科一批,2335,2997.0,1046,1159,1275,1146,4722,1148,1200
14,14,15,15,16,同济大学,上海,理工,508.3,903,本科一批,1399,1359.0,1730,1521,1275,1386,1417,1498,1368
15,15,16,702,16,北京大学医学部,北京,医药,,42,本科一批,331,342.0,255,298,296,354,377,279,340
16,16,17,16,17,东南大学,江苏,综合,488.1,142,本科一批,4325,4318.0,4219,4347,4651,3960,4346,4259,4234
17,17,18,17,18,中国人民大学,北京,综合,487.8,1170,本科一批,911,932.0,1290,848,1115,794,889,790,814
18,18,19,18,19,北京理工大学,北京,理工,474.0,56,本科一批,2797,3042.0,2055,2065,2638,2928,3561,3138,3195
19,19,20,19,20,南开大学,天津,综合,465.3,631,本科一批,1882,1870.0,1945,1919,2358,1570,1684,1714,1623
20,20,21,20,21,山东大学,山东,综合,447.0,716,本科一批,9031,9169.0,7501,7724,8715,8141,10654,7409,6917
21,21,22,21,22,天津大学,天津,理工,444.3,880,本科一批,4568,4560.0,4022,4594,4436,4329,4917,4654,4234
22,22,23,22,23,中南大学,湖南,综合,442.2,1183,本科一批,12228,7204.0,9454,34290,7166,6759,7688,7409,7172
23,23,24,23,24,吉林大学,吉林,综合,435.7,454,本科一批,12124,12830.0,11699,11437,10464,11400,15197,10460,10915
24,24,25,24,25,西北工业大学,陕西,理工,430.5,980,本科一批,6492,6537.0,5586,6356,7457,6000,6157,5827,6391
25,25,26,25,26,厦门大学,福建,综合,427.8,708,本科一批,4905,4719.0,4632,5463,5104,4531,4523,3860,4036
26,26,27,26,27,华南理工大学,广东,理工,419.8,431,本科一批,5511,5006.0,5865,7026,5572,4531,4917,4654,4623
27,27,28,27,28,大连理工大学,辽宁,理工,418.2,116,本科一批,8589,8360.0,9067,9274,8715,7555,8813,6071,6391
28,28,29,28,29,华东师范大学,上海,师范,401.8,429,本科一批,5722,5614.0,4428,6046,5572,5348,5925,6071,7172
29,29,30,29,30,中国农业大学,北京,农业,400.4,1169,本科一批,14610,15348.0,11294,12396,22024,13715,10306,9806,10560
30,30,31,30,31,电子科技大学,四川,理工,398.8,127,本科一批,5306,5544.0,4219,4594,4877,5348,6409,6071,7172
31,31,32,31,32,湖南大学,湖南,综合,393.5,391,本科一批,9492,9438.0,9067,9653,11615,8451,8250,7971,8350
32,32,33,32,33,北京科技大学,北京,理工,379.4,54,本科一批,10417,10077.0,12135,11437,10848,10013,9372,8536,8640
33,33,34,33,34,重庆大学,重庆,综合,365.5,1196,本科一批,7632,7480.0,7791,8089,7757,6996,7688,7409,8065
34,34,35,34,35,南京航空航天大学,江苏,理工,358.6,611,本科一批,15514,13790.0,11294,12897,27764,9681,9098,8536,8965
35,35,36,615,35,上海财经大学,上海,财经,,768,本科一批,9096,10424.0,6374,5753,31251,2000,1932,1909,1912
36,36,37,35,36,东北大学,辽宁,理工,356.1,131,本科一批,12412,12581.0,10919,11903,12858,12496,12392,11526,12020
37,37,38,36,37,南京理工大学,江苏,理工,356.0,613,本科一批,10730,10494.0,12135,11437,10464,10714,10306,9806,10212
38,38,39,37,38,西安电子科技大学,陕西,理工,355.1,952,本科一批,9303,9574.0,8421,8491,8715,9354,10654,10122,10915
39,39,40,38,39,兰州大学,甘肃,综合,353.4,535,本科一批,13782,14078.0,12135,12897,14189,13303,14743,11526,12020
40,40,41,39,40,北京交通大学,北京,理工,349.9,53,本科一批,9164,8087.0,12135,12396,9020,7555,7688,7677,7763
41,41,42,40,42,华中农业大学,湖北,农业,338.5,437,本科一批,27963,26938.0,28109,31039,27095,27041,26681,27849,28940
42,42,43,41,43,上海大学,上海,综合,333.0,770,本科一批,11904,11573.0,13845,12897,12015,11400,11306,11908,13222
43,43,44,42,44,苏州大学,江苏,综合,327.0,856,本科一批,13544,13245.0,13845,14443,13279,12100,14358,12323,12809
44,44,45,627,44,中央财经大学,北京,财经,,1188,本科一批,5976,5850.0,9454,6356,6574,7828,3150,2827,2908
45,45,46,43,45,华东理工大学,上海,理工,324.5,428,本科一批,11074,10466.0,12952,12897,12015,10013,9372,9470,9571
46,46,47,717,45,首都医科大学,北京,医药,,836,本科一批,6415,6405.0,16706,9653,4241,7828,7147,8840,5915
47,47,48,44,46,华中师范大学,湖北,师范,322.0,438,本科一批,14311,14103.0,14309,14936,14629,14133,13549,13858,14537
48,48,49,45,47,南京师范大学,江苏,师范,321.3,620,本科一批,14626,16129.0,16166,18475,16048,15862,16479,18364,21030
49,49,50,641,47,对外经济贸易大学,北京,财经,,144,本科一批,27109,24199.0,6374,8900,76393,2652,2627,3138,3346
50,50,51,730,47,南京医科大学,江苏,医药,,626,本科一批,19082,19082.0,10181,19083,19083,19083,19083,19083,19083
51,51,52,46,48,中国地质大学（武汉）,湖北,理工,320.2,1155,本科一批,19882,19315.0,21866,21581,19118,19586,19244,19367,19429
52,52,53,47,49,东北师范大学,吉林,师范,319.7,136,本科一批,33062,38122.0,25226,28686,27095,51463,25007,27217,26321
53,53,54,48,50,哈尔滨工程大学,黑龙江,理工,319.0,252,本科一批,17357,17384.0,16706,17277,18059,16314,17781,15165,15885
54,54,55,49,51,西南交通大学,四川,理工,318.0,999,本科一批,16555,17095.0,16706,14936,18059,20067,13161,13116,12809
55,55,56,50,52,南京农业大学,江苏,农业,316.1,617,本科一批,27511,27362.0,27341,27959,27764,27642,26681,27217,27001
56,56,57,820,52,中国政法大学,北京,政法,,1180,本科一批,6566,6180.0,9815,7724,6574,6252,5717,5116,5915
57,57,58,51,53,郑州大学,河南,综合,312.8,1138,本科一批,23618,23387.0,23896,24312,24522,23432,22210,23072,22155
58,58,59,52,54,北京邮电大学,北京,理工,312.5,71,本科一批,5317,5269.0,5337,5463,5342,5348,5119,4881,4817
59,59,60,53,55,武汉理工大学,湖北,理工,312.2,938,本科一批,14042,13550.0,15229,15517,14189,13303,13161,12323,12381
60,60,61,54,56,中国海洋大学,山东,综合,311.0,1156,本科一批,12637,12717.0,12534,12396,13279,12100,12774,11152,11618
61,61,62,55,57,暨南大学,广东,综合,307.4,477,本科一批,16434,16532.0,15697,16139,21457,14591,13549,12323,11618
62,62,63,56,58,中国石油大学（北京）,北京,理工,307.3,1175,本科一批,19826,19885.0,20081,19649,20850,20067,18740,17427,14962
63,63,64,57,59,北京工业大学,北京,理工,306.0,48,本科一批,11899,11567.0,12952,12897,11615,11056,12032,11908,12809
64,64,65,58,60,河海大学,江苏,理工,303.4,319,本科一批,15840,14962.0,17797,18475,15554,14591,14743,14274,14962
65,65,66,59,61,中国矿业大学,江苏,理工,301.6,1161,本科一批,27728,28140.0,25226,26493,31251,24015,29156,24758,23903
66,66,67,745,61,天津医科大学,天津,医药,,896,本科一批,13998,13285.0,13845,16139,20850,12100,6906,9806,8065
67,67,68,60,62,北京化工大学,北京,理工,296.7,51,本科一批,14604,14093.0,18358,16139,14629,13715,13936,13858,14104
68,68,69,760,62,中国医科大学,辽宁,医药,,1179,本科一批,41671,49605.0,19481,19083,48470,81781,17352,13858,12809
69,69,70,61,63,中国地质大学（北京）,北京,理工,295.5,1154,本科一批,20126,18004.0,25941,26493,18563,17669,17781,16037,15418
70,70,71,62,64,西北大学,陕西,综合,293.0,979,本科一批,16489,16419.0,16706,16698,16048,16314,16897,16498,17326
71,71,72,63,65,江南大学,江苏,综合,292.9,483,本科一批,17628,15846.0,22560,22973,16048,15444,16049,16498,17326
72,72,73,654,65,中南财经政法大学,湖北,财经,,1182,本科一批,19905,21161.0,14309,16139,40404,11400,11681,9806,9571
73,73,74,64,67,中国石油大学（华东）,山东,理工,287.4,1177,本科一批,25520,25674.0,28109,25056,25153,25779,26093,24194,22155
74,74,75,65,68,西南大学,重庆,综合,286.5,998,本科一批,19151,18986.0,17797,19649,16510,21709,18740,20370,21585
75,75,76,66,69,中国矿业大学（北京）,北京,理工,285.5,1162,本科一批,21605,21149.0,24547,22973,21457,22262,19731,19848,19945
76,76,77,67,70,深圳大学,广东,综合,280.4,807,本科一批,14591,13502.0,16706,17857,12858,13715,13936,15596,17326
77,77,78,68,71,陕西师范大学,陕西,师范,280.1,759,本科一批,22213,21960.0,24547,22973,20281,22847,22754,24758,25115
78,78,79,69,72,江苏大学,江苏,综合,276.9,484,本科一批,30138,28754.0,52925,34290,31945,28227,26093,26585,26321
79,79,80,70,73,浙江工业大学,浙江,理工,275.6,1120,本科一批,27275,25208.0,29573,33477,27764,24015,23848,25354,25115
80,80,81,71,74,北京林业大学,北京,林业,275.0,61,本科一批,23522,17886.0,28109,40431,19118,17190,17352,16963,18345
81,81,82,72,75,华南师范大学,广东,师范,274.7,434,本科一批,19790,19618.0,17797,20308,18059,19097,21699,20871,22707
82,82,83,73,76,西北农林科技大学,陕西,农业,273.7,983,本科一批,26354,26556.0,25226,25751,27095,27041,25533,24758,25115
83,83,84,669,76,西南财经大学,四川,财经,,996,本科一批,13384,13031.0,13376,14443,18059,9354,11681,8272,8640
84,84,85,74,77,扬州大学,江苏,综合,269.5,1054,本科一批,37371,30828.0,42114,78357,31945,31384,29156,29719,27645
85,85,86,75,78,南昌大学,江西,综合,268.9,587,本科一批,25281,25124.0,23896,25751,28476,25200,21699,22540,21585
86,86,87,773,78,南方医科大学,广东,医药,,601,本科一批,21850,15859.0,55959,20308,18059,33449,15587,8536,13222
87,87,88,76,79,福州大学,福建,理工,267.7,160,本科一批,19394,18433.0,26645,22276,20281,17669,17352,17427,19429
88,88,89,787,79,哈尔滨医科大学,黑龙江,医药,,267,本科二批,44367,50050.0,80734,106820,55755,47198,47198,47198,47198
89,89,90,788,79,哈尔滨医科大学,黑龙江,医药,,268,本科一批,44367,50050.0,26645,36876,79803,34859,48116,15596,17326
90,90,91,77,80,华北电力大学,北京,理工,263.2,418,本科一批,14030,14079.0,13376,13884,13279,12912,16049,10122,10915
91,91,92,670,80,东北财经大学,辽宁,财经,,130,本科一批,25150,22912.0,29573,31866,22618,21709,24410,13858,14104
92,92,93,78,81,东华大学,上海,理工,262.8,140,本科一批,14761,14115.0,16166,16698,15084,13715,13549,13858,14537
93,93,94,79,82,合肥工业大学,安徽,理工,262.7,288,本科一批,20953,20744.0,21866,21581,23893,18611,19731,16963,16829
94,94,95,674,82,宁波诺丁汉大学,浙江,综合,,660,本科一批,45392,35335.0,88238,101503,31384,32478,42144,51955,51955
95,95,96,805,82,北京外国语大学,北京,语言,,67,本科一批,8109,7594.0,10535,9653,11615,6252,4917,4881,5681
96,96,97,80,83,云南大学,云南,综合,262.1,1069,本科一批,26759,26771.0,26645,25751,25153,30752,24410,24758,25115
97,97,98,81,84,宁波大学,浙江,综合,261.4,657,本科一批,33964,34939.0,29573,31039,28476,28227,48116,29719,29617
98,98,99,813,84,中国传媒大学,北京,语言,,1153,本科一批,11923,10518.0,14767,16139,10848,10714,9994,10810,11268
99,99,100,82,85,首都师范大学,北京,师范,261.1,833,本科一批,22453,22512.0,25941,22276,20281,22847,24410,25354,25738
100,100,101,83,86,湖南师范大学,湖南,师范,259.6,409,本科一批,24179,23887.0,24547,25056,23239,24015,24410,25354,25115
101,101,102,84,87,南京工业大学,江苏,理工,259.5,609,本科一批,30259,29723.0,43977,31866,30538,30122,28512,27849,27001
102,102,103,85,88,长安大学,陕西,理工,250.2,1083,本科一批,22586,21531.0,23896,25751,25787,20067,18740,16498,16357
103,103,104,86,89,福建师范大学,福建,师范,248.2,156,本科一批,43537,42679.0,43027,46111,44724,40745,42570,45451,45373
104,104,105,87,90,安徽大学,安徽,综合,243.1,2,本科一批,22385,22189.0,25226,22973,22024,22847,21699,22540,22155
105,105,106,88,91,南京信息工程大学,江苏,理工,240.9,625,本科一批,28103,28151.0,29573,27959,26424,28227,29805,29092,28940
106,106,107,803,91,中国药科大学,江苏,医药,,1178,本科一批,20318,19434.0,23232,22973,23239,18167,16897,15596,15418
107,107,108,89,92,上海理工大学,上海,理工,240.7,784,本科一批,25119,24419.0,28854,27221,26424,24624,22210,23072,22707
108,108,109,90,93,华南农业大学,广东,农业,238.3,432,本科一批,42904,42164.0,48861,45122,44724,40745,41026,42986,41898
109,109,110,814,93,上海外国语大学,上海,语言,,794,本科一批,9738,9017.0,10919,11903,14629,6498,5925,6585,6917
110,110,111,91,94,广西大学,广西,综合,237.0,204,本科一批,29301,29506.0,28109,28686,28476,28227,31818,29092,28940
111,111,112,804,94,上海中医药大学,上海,医药,,801,本科一批,29556,31334.0,28854,27221,25787,44734,35233,23657,24496
112,112,113,92,95,南京邮电大学,江苏,理工,235.7,628,本科一批,21561,22796.0,24547,17857,18059,30122,20210,20871,22155
113,113,114,93,95,燕山大学,河北,理工,235.7,1052,本科一批,32246,32185.0,35958,37744,40404,27642,28512,25354,25115
114,114,115,94,97,河南大学,河南,综合,234.6,324,本科一批,39977,40722.0,36819,37744,40404,39974,41790,39011,37776
115,115,116,95,98,湖北大学,湖北,综合,232.9,365,本科一批,34541,33474.0,43027,37744,37938,32011,30474,31811,32477
116,116,117,96,99,广州大学,广东,综合,232.7,219,本科一批,32371,31164.0,40304,35994,34852,29486,29156,29719,29617
117,117,118,703,99,重庆医科大学,重庆,医药,,1214,本科二批,17929,67329.0,112446,90901,66504,73631,61855,45451,43618
118,118,119,704,99,重庆医科大学,重庆,医药,,1215,本科一批,17929,67329.0,26645,25056,20850,14133,11681,12715,15885
119,119,120,97,100,青岛大学,山东,综合,231.4,683,本科一批,41988,41934.0,41207,45122,69714,28227,27863,28432,28267
120,120,121,678,100,中央民族大学,北京,民族,,1189,本科一批,11799,11600.0,12952,12396,12435,11712,10654,11526,12381
121,121,122,98,101,湘潭大学,湖南,综合,229.9,1012,本科一批,45826,45860.0,37676,42274,76393,31384,29805,29719,29617
122,122,123,705,101,温州医科大学,浙江,医药,,916,本科一批,45721,43225.0,54949,53210,32636,49758,47284,27217,22707
123,123,124,99,102,广东工业大学,广东,理工,229.6,186,本科一批,33384,31036.0,40304,40431,31251,31384,30474,31811,31751
124,124,125,100,103,浙江师范大学,浙江,师范,229.2,1128,本科一批,47407,38138.0,47907,106820,36336,37053,41026,39011,39373
125,125,126,706,103,北京中医药大学,北京,医药,,74,本科二批,36589,89281.0,79430,89567,89282,89282,89282,89282,89282
126,126,127,707,103,北京中医药大学,北京,医药,,75,本科一批,36589,89281.0,22560,18475,21457,24015,67539,15165,15418
127,127,128,101,104,大连海事大学,辽宁,理工,228.4,111,本科一批,35785,44701.0,25941,29485,90542,22847,20716,19367,20472
128,128,129,102,105,上海师范大学,上海,师范,227.3,790,本科一批,33329,32441.0,43977,35994,34124,31384,31818,33816,33947
129,129,130,708,105,河北医科大学,河北,医药,,315,本科二批,17189,85400.0,69571,82003,89282,88287,78633,72807,34642
130,130,131,709,105,河北医科大学,河北,医药,,316,本科一批,17189,85400.0,17248,17277,16510,17190,17781,19848,19848
131,131,132,103,106,杭州电子科技大学,浙江,理工,226.9,283,本科一批,21445,21399.0,24547,21581,20281,21709,22210,23657,24496
132,132,133,104,107,武汉科技大学,湖北,理工,226.6,937,本科一批,31074,30003.0,32664,34290,31945,31384,26681,26585,25738
133,133,134,105,108,南京林业大学,江苏,林业,225.3,616,本科一批,41041,40576.0,42114,37744,36336,34859,50536,36750,36982
134,134,135,106,109,河北工业大学,天津,理工,223.8,301,本科一批,20448,20904.0,19481,19083,18059,26389,18265,17427,18345
135,135,136,107,109,山东师范大学,山东,师范,223.8,729,本科一批,42761,42608.0,52925,43222,43018,40745,44062,46232,49040
136,136,137,108,111,浙江理工大学,浙江,理工,221.8,1124,本科一批,29032,27824.0,37676,32658,29151,27642,26681,27849,27645
137,137,138,109,112,山西大学,山西,综合,221.0,741,本科一批,49153,51130.0,48861,43222,79803,36312,37276,38238,36982
138,138,139,710,112,大连医科大学,辽宁,医药,,121,本科一批,43211,41295.0,80734,33477,85649,27041,26681,25354,17326
139,139,140,110,113,太原理工大学,山西,理工,219.8,869,本科一批,25934,26227.0,25226,25056,28476,25200,25007,24758,23903
140,140,141,111,114,东北林业大学,黑龙江,林业,218.9,134,本科一批,36033,36885.0,33462,33477,35574,36312,38770,39011,38616
141,141,142,711,114,广州医科大学,广东,医药,,226,本科一批,29506,29908.0,38526,30260,29151,30752,27863,27217,19945
142,142,143,112,115,河北大学,河北,综合,217.0,293,本科一批,45356,45302.0,43027,48117,57178,39257,39472,39774,37776
143,143,144,113,116,东北农业大学,黑龙江,农业,216.3,135,本科一批,41795,42856.0,37676,38611,42168,42341,44062,43820,43618
144,144,145,114,117,江西师范大学,江西,师范,215.5,506,本科一批,58877,61792.0,49827,50132,50338,67520,67520,67520,67520
145,145,146,115,117,西安建筑科技大学,陕西,理工,215.5,958,本科一批,33291,29348.0,39420,45122,31945,28843,27258,30395,28940
146,146,147,116,119,杭州师范大学,浙江,师范,215.2,285,本科一批,35149,35435.0,40304,34290,34852,34859,36597,39774,40216
147,147,148,117,120,内蒙古大学,内蒙古,综合,214.9,644,本科一批,48853,47279.0,38526,42274,55105,48886,39472,39774,36139
148,148,149,118,121,福建农林大学,福建,农业,214.0,152,本科二批,61605,121794.0,145875,124788,130391,120408,114586,121631,121631
149,149,150,119,121,福建农林大学,福建,农业,214.0,153,本科一批,61605,121794.0,80734,87025,53206,52387,53804,52155,56764
150,150,151,671,121,首都经济贸易大学,北京,财经,,832,本科一批,22337,16913.0,31136,38611,19684,16314,14743,13858,14537
151,151,152,120,122,江苏师范大学,江苏,师范,213.4,493,本科二批,87241,86465.0,104040,89567,88095,88287,83016,76938,74303
152,152,153,712,122,南京中医药大学,江苏,医药,,630,本科一批,41699,43017.0,42114,37744,43018,43018,43018,43018,43018
153,153,154,121,123,西安理工大学,陕西,理工,213.2,965,本科一批,32172,32010.0,31893,32658,33407,34113,28512,27849,26321
154,154,155,713,123,安徽医科大学,安徽,医药,,15,本科一批,16026,15988.0,97392,16139,16048,16721,15197,13858,13675
155,155,156,122,124,辽宁大学,辽宁,综合,212.6,550,本科一批,26576,26603.0,26645,26493,27764,27041,25007,24194,23903
156,156,157,123,125,北京建筑大学,北京,理工,210.8,52,本科一批,34149,31740.0,40304,41377,33407,32011,29805,29092,25115
157,157,158,124,126,安徽师范大学,安徽,师范,210.5,11,本科一批,61112,64091.0,51895,52176,53206,69535,69535,69535,69535
158,158,159,125,127,河南师范大学,河南,师范,210.4,338,本科二批,74105,132106.0,144391,137488,147855,142492,105972,103213,103213
159,159,160,126,127,河南师范大学,河南,师范,210.4,339,本科一批,74105,132106.0,70771,69982,76393,76578,73470,62030,59871
160,160,161,127,128,长沙理工大学,湖南,理工,209.5,1103,本科一批,33175,32236.0,41207,35994,34852,31384,30474,31811,31751
161,161,162,672,128,浙江工商大学,浙江,财经,,1118,本科一批,30880,28303.0,39420,38611,29151,30752,25007,27217,31751
162,162,163,675,128,西交利物浦大学,江苏,理工,,994,本科一批,71438,59644.0,74466,106820,47211,78633,53090,46332,46332
163,163,164,128,129,昆明理工大学,云南,理工,206.7,525,本科一批,41127,40456.0,48861,42274,40404,40745,40222,41335,46332
164,164,165,129,129,新疆大学,新疆,综合,206.7,1017,本科一批,57250,59214.0,43027,50132,55105,55962,66578,59235,57764
165,165,166,130,131,汕头大学,广东,综合,206.4,763,本科一批,31289,28481.0,46947,55355,30538,28227,26681,23657,22707
166,166,167,131,132,西南石油大学,四川,理工,206.0,1006,本科一批,42181,45016.0,38526,39525,43018,43915,48116,48733,59871
167,167,168,673,132,江西财经大学,江西,财经,,495,本科一批,31388,30965.0,113880,32658,31945,34859,26093,24758,24496
168,168,169,832,132,华东政法大学,上海,政法,,430,本科一批,21175,19881.0,25226,25056,19118,22262,18265,20871,22155
169,169,170,132,133,山东科技大学,山东,综合,204.5,725,本科一批,40753,38642.0,44925,47088,42168,39257,34502,33816,31751
170,170,171,133,134,河南农业大学,河南,农业,204.3,337,本科一批,96913,95850.0,104040,100103,101963,98319,87270,92622,82619
171,171,172,134,135,贵州大学,贵州,综合,201.7,231,本科一批,30885,31860.0,27341,27959,29841,38484,27258,27217,27645
172,172,173,135,136,华侨大学,福建,综合,201.4,435,本科一批,45173,43175.0,49827,51170,60165,34859,34502,33816,33222
173,173,174,136,137,河北师范大学,河北,师范,201.1,310,本科一批,65754,67773.0,61408,59698,58177,72572,72572,72572,72572
174,174,175,815,137,北京语言大学,北京,语言,,73,本科一批,27521,25809.0,30319,32658,34852,22847,19731,19367,22155
175,175,176,137,138,黑龙江大学,黑龙江,综合,201.0,349,本科二批,53637,102420.0,119572,98716,93105,97168,116990,79105,73170
176,176,177,138,138,黑龙江大学,黑龙江,综合,201.0,350,本科一批,53637,102420.0,57047,55355,51294,51463,56437,68889,68889
177,177,178,139,138,中国计量大学,浙江,理工,201.0,1157,本科一批,32145,31975.0,97392,32658,33407,31384,31135,34544,35398
178,178,179,140,140,陕西科技大学,陕西,理工,198.6,756,本科一批,41243,39950.0,43977,45122,44724,39257,35870,35978,35398
179,179,180,141,141,沈阳农业大学,辽宁,农业,196.8,823,本科一批,81458,81417.0,101319,90901,93105,77679,73470,68889,80151
180,180,181,142,142,天津师范大学,天津,师范,196.5,891,本科一批,41106,40717.0,43977,42274,45612,37772,38770,39011,39373
181,181,182,143,143,湖北工业大学,湖北,理工,196.3,371,本科一批,39842,39645.0,45897,40431,37938,39974,41026,41335,42781
182,182,183,144,144,海南大学,海南,综合,196.2,271,本科二批,35157,79169.0,79430,78357,82193,77679,77638,72807,72028
183,183,184,145,144,海南大学,海南,综合,196.2,272,本科一批,35157,79169.0,30319,31039,33407,42341,33844,33816,33222
184,184,185,146,145,济南大学,山东,综合,195.4,474,本科一批,40924,39845.0,45897,44162,43018,38484,38034,38238,40216
185,185,186,147,146,山东农业大学,山东,农业,194.7,727,本科一批,104115,104115.0,88238,104116,104116,104116,104116,104116,104116
186,186,187,148,147,温州大学,浙江,综合,194.6,912,本科二批,80007,75064.0,97392,94834,82193,72572,70430,62030,55771
187,187,188,149,147,常州大学,江苏,理工,194.6,85,本科一批,48019,47654.0,116712,49113,48470,47211,47284,46998,41898
188,188,189,833,148,西南政法大学,重庆,政法,,1009,本科一批,20672,19906.0,18358,22973,25153,17669,16897,21975,22155
189,189,190,150,149,重庆邮电大学,重庆,理工,193.7,1217,本科一批,26230,22235.0,25941,28686,27764,24624,23848,25979,27001
190,190,191,151,150,齐鲁工业大学,山东,理工,192.6,673,本科一批,82328,85648.0,68314,72367,85649,85649,85649,85649,85649
191,191,192,152,151,曲阜师范大学,山东,师范,189.8,697,本科一批,76819,81029.0,61408,64188,73020,85035,85035,85035,85035
192,192,193,714,151,广西医科大学,广西,医药,,213,本科二批,42589,103110.0,112446,106820,104489,114177,90665,83527,83527
193,193,194,715,151,广西医科大学,广西,医药,,214,本科一批,42589,103110.0,30319,46111,56118,36312,31818,27217,20472
194,194,195,153,152,武汉工程大学,湖北,理工,188.6,932,本科一批,40279,40228.0,39420,40431,40404,39257,41026,40557,41066
195,195,196,154,153,湖南农业大学,湖南,农业,187.9,404,本科一批,77811,78447.0,70771,75906,108397,75582,51363,51256,52958
196,196,197,155,154,天津工业大学,天津,理工,187.4,881,本科一批,32192,32837.0,28854,30260,31251,32759,34502,34544,33222
197,197,198,156,155,安徽农业大学,安徽,农业,187.0,8,本科二批,102794,102491.0,263892,104116,103209,105524,98741,102018,102018
198,198,199,157,155,安徽农业大学,安徽,农业,187.0,9,本科一批,102794,102491.0,85633,102795,102795,102795,102795,102795,102795
199,199,200,158,156,江苏科技大学,江苏,理工,186.8,490,本科一批,57231,58214.0,47907,54281,104489,36312,33844,33120,32477
200,200,201,159,157,浙江农林大学,浙江,林业,186.0,1126,本科一批,76232,81011.0,59195,61893,81012,81012,81012,81012,81012
201,201,202,160,158,北方工业大学,北京,理工,185.7,34,本科一批,31772,30364.0,35958,35994,30538,30752,29805,28432,28267
202,202,203,816,158,广东外语外贸大学,广东,语言,,196,本科一批,22760,18349.0,33462,35994,8150,25200,21699,19367,21585
203,203,204,161,159,广西师范大学,广西,师范,184.7,210,本科二批,94159,90841.0,109592,104116,88095,94885,89544,94891,94891
204,204,205,162,160,吉林农业大学,吉林,农业,184.4,462,本科二批,121480,118516.0,147350,130372,121907,116652,116990,117948,117948
205,205,206,163,161,青岛科技大学,山东,理工,183.8,687,本科一批,45973,39028.0,49827,52176,60165,37053,34502,33816,32477
206,206,207,164,162,西北师范大学,甘肃,师范,183.3,984,本科二批,73818,99794.0,119572,104116,100680,106733,92959,99611,99611
207,207,208,165,162,四川农业大学,四川,农业,183.3,847,本科一批,40396,41570.0,34265,36876,42168,39974,42570,42986,44499
208,208,209,166,162,西北师范大学,甘肃,师范,183.3,985,本科一批,73818,99794.0,63644,60827,64379,85035,85035,85035,85035
209,209,210,676,163,温州肯恩大学,浙江,综合,,913,本科一批,70683,59979.0,111038,102795,58817,59092,62030,55771,55771
210,210,211,167,164,南通大学,江苏,综合,183.1,635,本科一批,46019,45988.0,46947,46111,47516,43166,47284,42986,41066
211,211,212,616,164,北京工商大学,北京,财经,,46,本科一批,33533,31234.0,41207,40431,34852,32759,26093,26585,27001
212,212,213,168,165,石河子大学,新疆,综合,182.8,828,本科一批,58613,58252.0,54949,59698,62311,56901,55546,49591,50008
213,213,214,694,165,上海体育学院,上海,体育,,793,本科一批,87024,87024.0,70771,87025,87025,87025,87025,87025,87025
214,214,215,169,166,上海海洋大学,上海,农业,182.5,779,本科一批,44150,45997.0,40304,38611,42168,53254,42570,41335,40216
215,215,216,170,167,三峡大学,湖北,综合,179.8,705,本科一批,47775,46413.0,54949,48117,48470,48043,46474,44640,44499
216,216,217,617,167,上海对外经贸大学,上海,财经,,775,本科一批,25026,23540.0,68314,29485,25787,24624,20210,18866,19945
217,217,218,677,167,北京师范大学-香港浸会大学联合国际学院,广东,综合,,64,本科一批,72494,60608.0,102673,108151,54123,61855,65849,58832,58832
218,218,219,171,168,安徽工业大学,安徽,理工,178.6,4,本科一批,54151,50806.0,63644,64188,61214,45525,45681,43820,43618
219,219,220,172,169,河南理工大学,河南,理工,177.7,335,本科一批,87636,86548.0,92075,90901,90542,88287,80816,68889,59871
220,220,221,716,169,广州中医药大学,广东,医药,,227,本科一批,29792,33288.0,39420,34290,26424,33449,25007,27217,23287
221,221,222,173,170,宁夏大学,宁夏,综合,176.4,662,本科一批,40794,43076.0,35077,40431,47516,47211,34502,35224,36139
222,222,223,174,171,西安科技大学,陕西,理工,175.0,963,本科一批,33524,32701.0,43027,35994,34852,33449,29805,29719,29617
223,223,224,618,171,南京财经大学,江苏,财经,,604,本科一批,32549,32728.0,39420,33477,34124,40745,23318,24194,23287
224,224,225,175,172,上海海事大学,上海,理工,174.6,778,本科一批,35015,34106.0,42114,37744,40404,32759,29156,29092,28940
225,225,226,176,173,成都理工大学,四川,理工,174.2,92,本科一批,31157,31715.0,28854,29485,31945,31384,31818,33816,34642
226,226,227,177,174,南昌航空大学,江西,理工,173.7,593,本科一批,44202,39412.0,61408,58573,43868,37772,36597,37460,38616
227,227,228,178,175,长春理工大学,吉林,理工,172.7,1094,本科一批,42456,42201.0,48861,43222,48470,41539,36597,36750,38616
228,228,229,619,175,浙江财经大学,浙江,财经,,1114,本科一批,38320,39663.0,36819,34290,37938,38484,42570,42570,42570
229,229,230,179,176,辽宁师范大学,辽宁,师范,172.5,559,本科二批,94042,93778.0,115307,94834,95599,99507,86229,76938,72028
230,230,231,180,177,西南科技大学,四川,理工,172.1,1001,本科一批,48919,48515.0,53926,50132,49387,48043,48116,46232,43618
231,231,232,718,177,天津中医药大学,天津,医药,,900,本科一批,50466,48488.0,50842,56402,81012,37772,26681,27217,20472
232,232,233,181,178,河北农业大学,河北,农业,171.9,309,本科二批,108802,106747.0,121053,114968,108397,115409,96438,99611,99611
233,233,234,182,179,中北大学,山西,理工,171.7,1152,本科一批,45112,45428.0,46947,44162,47516,43915,44856,42986,59871
234,234,235,183,180,青海大学,青海,综合,171.6,691,本科一批,44660,45139.0,42114,43222,46572,43166,45681,43820,42781
235,235,236,184,181,集美大学,福建,综合,170.7,471,本科一批,42557,40703.0,51895,48117,48470,37772,35870,36750,36982
236,236,237,185,182,武汉纺织大学,湖北,理工,170.4,930,本科一批,56829,57320.0,64821,55355,53206,56901,61855,70854,70854
237,237,238,186,183,天津理工大学,天津,理工,170.3,883,本科二批,39320,57421.0,106846,94834,88287,56631,51955,51955,51955
238,238,239,187,183,天津理工大学,天津,理工,170.3,884,本科一批,39320,57421.0,43977,44162,53206,32759,31818,31071,31055
239,239,240,188,184,四川师范大学,四川,师范,170.1,850,本科一批,46873,47777.0,44925,44162,45612,46358,51363,63017,63017
240,240,241,719,184,浙江中医药大学,浙江,医药,,1135,本科一批,52062,53045.0,67119,49113,50338,53254,55546,55546,55546
241,241,242,189,185,云南师范大学,云南,师范,169.6,1075,本科二批,93109,94123.0,105431,93476,96807,97168,88395,90348,90348
242,242,243,190,185,浙江海洋大学,浙江,农业,169.6,1122,本科二批,92446,90356.0,123956,98716,94355,92631,84084,78012,82619
243,243,244,620,186,山东财经大学,山东,财经,,714,本科一批,43696,44776.0,42114,41377,44724,55062,34544,36982,36982
244,244,245,191,187,天津科技大学,天津,理工,169.5,882,本科一批,45255,43969.0,51895,49113,43868,44734,43306,38238,36982
245,245,246,192,188,湖南科技大学,湖南,综合,169.4,398,本科一批,43235,42926.0,99984,44162,43868,42341,42570,42144,40216
246,246,247,817,188,北京第二外国语学院,北京,语言,,43,本科一批,31634,24786.0,42114,52176,25787,28843,19731,20370,22707
247,247,248,193,189,重庆交通大学,重庆,理工,169.1,1204,本科一批,40380,38470.0,47907,46111,43868,36312,35233,35224,35398
248,248,249,621,189,天津财经大学,天津,财经,,877,本科一批,31945,30884.0,98686,35130,32636,32759,27258,21414,21030
249,249,250,720,189,福建医科大学,福建,医药,,158,本科一批,60813,53247.0,96108,51170,51294,76578,54663,34544,34544
250,250,251,194,190,长江大学,湖北,综合,168.4,1099,本科一批,53689,53492.0,102673,54281,55105,52387,52986,55755,42781
251,251,252,622,190,南京审计大学,江苏,财经,,618,本科一批,31096,30302.0,34265,33477,33407,36312,21190,18364,16829
252,252,253,683,190,中南民族大学,湖北,民族,,1186,本科一批,43190,43180.0,48861,43222,43018,44734,41790,42986,42781
253,253,254,195,191,兰州理工大学,甘肃,理工,168.1,540,本科一批,79299,83577.0,66016,66467,74158,88287,88287,88287,88287
254,254,255,196,191,山东理工大学,山东,理工,168.1,726,本科一批,50418,49832.0,97392,52176,48470,48043,52986,46332,46332
255,255,256,197,193,烟台大学,山东,综合,167.0,1043,本科二批,89095,85888.0,108202,98716,91816,85035,80816,63017,53890
256,256,257,198,193,安徽理工大学,安徽,理工,167.0,7,本科一批,57729,57073.0,61408,59698,63318,64596,43306,39774,38616
257,257,258,721,194,沈阳药科大学,辽宁,医药,,826,本科一批,71989,74589.0,63644,64188,83314,88287,52168,32459,33947
258,258,259,199,195,大连工业大学,辽宁,理工,165.9,109,本科一批,68544,71493.0,60300,59698,63318,75582,75582,75582,75582
259,259,260,200,196,沈阳师范大学,辽宁,师范,165.5,824,本科二批,124497,124851.0,145875,123435,134658,115409,124488,111724,111724
260,260,261,201,196,哈尔滨理工大学,黑龙江,理工,165.5,260,本科一批,52339,53075.0,58092,50132,51294,52387,55546,63936,63936
261,261,262,202,198,延边大学,吉林,综合,165.4,1048,本科一批,50516,43419.0,37676,40431,45612,60743,26093,30395,27645
262,262,263,203,199,内蒙古农业大学,内蒙古,农业,165.3,653,本科二批,140214,140114.0,192193,141799,152213,135954,132176,131857,131857
263,263,264,204,200,河南科技大学,河南,综合,164.9,329,本科二批,67336,87436.0,138510,130372,92959,90348,79003,79003,79003
264,264,265,205,200,河南科技大学,河南,综合,164.9,330,本科一批,67336,87436.0,79430,69982,71851,67520,59993,56631,50997
265,265,266,206,201,南华大学,湖南,综合,164.1,602,本科一批,49185,47128.0,64821,55355,49387,45525,46474,44640,41898
266,266,267,207,202,哈尔滨师范大学,黑龙江,师范,164.0,262,本科二批,109752,108480.0,123956,113569,115107,107979,102355,104424,104424
267,267,268,208,203,石家庄铁道大学,河北,理工,163.5,829,本科一批,49414,49175.0,53926,50132,51294,49758,46474,37460,35398
268,268,269,209,204,北京信息科技大学,北京,理工,163.4,69,本科一批,28918,28211.0,33462,31039,29151,28227,27258,28432,28940
269,269,270,210,205,沈阳建筑大学,辽宁,理工,162.5,819,本科一批,69217,66988.0,74466,75906,94355,56901,49710,46232,44499
270,270,271,211,206,青岛农业大学,山东,农业,162.4,689,本科二批,108351,104727.0,134151,119222,109722,109212,95249,97211,83871
271,271,272,212,207,上海工程技术大学,上海,理工,161.7,776,本科一批,42092,36224.0,54949,59698,37129,36312,35233,35978,36982
272,272,273,213,208,河南工业大学,河南,理工,161.4,327,本科一批,73975,72920.0,80734,77140,78652,72572,67539,60196,54810
273,273,274,214,209,江西理工大学,江西,理工,161.1,502,本科二批,57049,105667.0,109592,101503,104489,106733,114586,98426,74303
274,274,275,215,209,江西理工大学,江西,理工,161.1,503,本科一批,57049,105667.0,66016,66467,57178,52387,52168,49591,45373
275,275,277,216,210,中南林业科技大学,湖南,林业,160.8,1184,本科一批,66964,66917.0,64821,67627,107111,46358,47284,47851,44499
276,276,278,217,211,北京农学院,北京,农业,160.7,62,本科二批,104219,102446.0,116712,109540,108397,111672,87270,83527,79003
277,277,279,218,212,重庆师范大学,重庆,师范,160.6,1210,本科二批,48816,92499.0,98686,92191,108397,89407,79696,79105,69728
278,278,280,219,212,重庆师范大学,重庆,师范,160.6,1211,本科一批,48816,92499.0,47907,44162,47516,48043,55546,70854,70854
279,279,281,220,213,江西农业大学,江西,农业,160.5,504,本科二批,113857,113486.0,141361,114968,119172,112929,108360,110437,110437
280,280,282,221,213,兰州交通大学,甘肃,理工,160.5,538,本科二批,58556,92808.0,102673,96089,98103,99507,80816,72807,63075
281,281,283,222,213,兰州交通大学,甘肃,理工,160.5,539,本科一批,58556,92808.0,60300,60827,82193,45525,45681,45451,46332
282,282,284,223,215,西藏大学,西藏,综合,159.7,987,本科二批,120586,121511.0,116712,117811,124682,119108,120745,139691,139691
283,283,285,224,216,沈阳工业大学,辽宁,理工,159.6,814,本科二批,51996,102537.0,121053,109540,104489,105524,97599,160352,66329
284,284,286,225,216,沈阳工业大学,辽宁,理工,159.6,815,本科一批,51996,102537.0,54949,53210,55105,52387,47284,44640,38616
285,285,287,722,216,徐州医科大学,江苏,医药,,1041,本科一批,46878,47134.0,52925,46111,25787,57808,57808,57808,57808
286,286,288,226,217,华东交通大学,江西,理工,159.4,426,本科二批,46565,78818.0,93448,85729,82193,74566,79696,65849,58832
287,287,289,227,217,华东交通大学,江西,理工,159.4,427,本科一批,46565,78818.0,54949,51170,49387,43915,41790,40557,36139
288,288,290,228,218,沈阳航空航天大学,辽宁,理工,159.2,816,本科二批,60407,98113.0,112446,102795,103209,109212,81919,71835,67428
289,289,291,229,218,沈阳航空航天大学,辽宁,理工,159.2,817,本科一批,60407,98113.0,51895,50132,53206,55062,71482,29719,28940
290,290,292,230,219,西安邮电大学,陕西,理工,158.9,978,本科一批,28827,28608.0,30319,29485,28476,29486,27863,28432,27645
291,291,293,723,219,山西医科大学,山西,医药,,749,本科二批,28591,94599.0,171656,106820,94355,82846,95249,52155,50008
292,292,294,724,219,山西医科大学,山西,医药,,750,本科一批,28591,94599.0,38526,26493,55105,16721,16049,16037,12809
293,293,295,231,220,东华理工大学,江西,理工,158.7,141,本科一批,54881,55783.0,116712,52176,53206,55962,58183,70854,70854
294,294,296,232,221,东北电力大学,吉林,理工,158.6,133,本科一批,47577,47397.0,61408,48117,48470,48043,45681,40557,40216
295,295,297,233,222,上海电力大学,上海,理工,157.9,774,本科一批,38281,39883.0,34265,33477,36336,40745,42570,45451,45451
296,296,298,234,223,鲁东大学,山东,综合,157.3,571,本科二批,126165,107985.0,113880,104116,101963,99507,199075,89200,77740
297,297,299,623,224,安徽财经大学,安徽,财经,,1,本科一批,59828,59809.0,57047,56402,58177,81781,39472,31071,31055
298,298,300,235,225,大连大学,辽宁,综合,156.9,107,本科二批,95073,92930.0,109592,101503,94355,92631,91807,70854,64177
299,299,301,725,225,山东中医药大学,山东,医药,,736,本科二批,80918,76280.0,109592,94834,81012,85035,62794,60196,52958
300,300,302,236,226,苏州科技大学,江苏,理工,156.4,858,本科一批,42022,42553.0,42114,40431,41266,41539,44856,46232,44499
301,301,303,726,226,新疆医科大学,新疆,医药,,1025,本科二批,62716,119230.0,131200,138907,117785,120408,119499,75897,59871
302,302,304,727,226,新疆医科大学,新疆,医药,,1026,本科一批,62716,119230.0,69571,84489,59191,83888,19731,23072,15885
303,303,305,237,227,河北科技大学,河北,理工,155.9,306,本科一批,49393,47764.0,116712,54281,51294,45525,46474,44640,42781
304,304,306,238,228,渤海大学,辽宁,综合,155.8,80,本科二批,107169,104570.0,125339,114968,107111,105524,101077,100834,82619
305,305,307,239,229,华北理工大学,河北,综合,155.5,421,本科一批,54271,53910.0,66016,55355,57178,52387,52168,56631,56631
306,306,308,240,230,甘肃农业大学,甘肃,农业,155.4,170,本科二批,129717,128092.0,287920,134593,130391,129399,124488,129271,129271
307,307,309,241,231,北京印刷学院,北京,理工,154.1,70,本科一批,54911,54058.0,62527,57472,64379,48886,48911,49591,46332
308,308,310,242,232,重庆理工大学,重庆,理工,153.3,1206,本科二批,40664,74232.0,92075,89567,78652,75582,68464,63017,59871
309,309,311,243,232,西安石油大学,陕西,理工,153.3,971,本科一批,48176,48539.0,51895,47088,49387,49758,46474,45451,41066
310,310,312,244,232,重庆理工大学,重庆,理工,153.3,1207,本科一批,40664,74232.0,42114,42274,43868,38484,38034,38238,38616
311,311,313,245,234,海南师范大学,海南,师范,152.8,275,本科二批,83829,106571.0,132697,109540,105793,106733,107188,111724,111724
312,312,314,246,234,海南师范大学,海南,师范,152.8,276,本科一批,83829,106571.0,71998,73543,78652,91562,91562,91562,91562
313,313,315,728,234,锦州医科大学,辽宁,医药,,512,本科二批,109289,108762.0,118136,110870,99361,96023,130905,112969,65220
314,314,316,247,235,上海应用技术大学,上海,理工,151.6,798,本科一批,52219,51531.0,70771,54281,48470,51463,54663,63017,63017
315,315,317,248,236,桂林电子科技大学,广西,理工,151.2,242,本科二批,43898,85689.0,94763,89567,86875,91562,78633,68889,60948
316,316,318,249,236,桂林电子科技大学,广西,理工,151.2,243,本科一批,43898,85689.0,41207,41377,43018,43915,47284,49591,49591
317,317,319,250,237,聊城大学,山东,综合,150.8,564,本科二批,105266,103842.0,121053,109540,107111,107979,96438,99611,81363
318,318,320,251,237,郑州轻工业大学,河南,理工,150.8,1146,本科二批,88121,97411.0,135597,130372,139124,95249,99611,99611,99611
319,319,321,252,237,郑州轻工业大学,河南,理工,150.8,1147,本科一批,88121,97411.0,85633,88293,91816,91562,80816,70854,59871
320,320,322,729,238,成都中医药大学,四川,医药,,98,本科一批,51941,43953.0,66016,75906,40404,48886,42570,21414,21030
321,321,323,253,239,武汉轻工大学,湖北,理工,150.0,939,本科二批,85172,81951.0,102673,94834,83314,82846,79696,68889,61992
322,322,324,731,239,辽宁中医药大学,辽宁,医药,,562,本科二批,112738,111523.0,293683,116385,115107,124214,95249,102018,86368
323,323,325,254,240,安徽建筑大学,安徽,理工,149.9,5,本科一批,80577,83313.0,68314,72367,83314,83314,83314,83314,83314
324,324,326,255,240,东北石油大学,黑龙江,理工,149.9,137,本科一批,75973,75584.0,116712,77140,77523,69535,79696,52155,48104
325,325,327,256,242,成都信息工程大学,四川,理工,149.2,95,本科一批,44191,46051.0,42114,38611,41266,45525,51363,51363,51363
326,326,328,257,243,东莞理工学院,广东,理工,149.0,138,本科一批,51818,52380.0,52925,50132,46572,52387,58183,58183,58183
327,327,329,732,243,宁夏医科大学,宁夏,医药,,666,本科一批,44103,41748.0,48861,51170,42168,41539,41539,41539,41539
328,328,330,258,244,大连交通大学,辽宁,理工,148.1,113,本科二批,50038,101502.0,112446,101503,101503,101503,101503,101503,101503
329,329,331,259,244,大连交通大学,辽宁,理工,148.1,114,本科一批,50038,101502.0,53926,53210,64379,41539,41026,33816,31751
330,330,332,834,244,西北政法大学,陕西,政法,,986,本科一批,25103,25119.0,22560,25056,25153,25200,25007,26585,26321
331,331,333,260,245,山东建筑大学,山东,理工,147.5,723,本科一批,67336,69151.0,67119,61893,62311,72572,72572,72572,72572
332,332,334,261,246,西华师范大学,四川,师范,147.4,993,本科一批,99798,104488.0,81978,85729,104489,104489,104489,104489,104489
333,333,335,262,247,西安工程大学,陕西,理工,147.2,954,本科一批,47451,46558.0,63644,50132,48470,45525,45681,46232,41898
334,334,336,263,249,成都大学,四川,综合,146.3,89,本科一批,56643,60154.0,49827,46111,51294,59764,69405,69405,69405
335,335,337,264,250,西安工业大学,陕西,理工,145.9,956,本科一批,35632,35217.0,40304,36876,35574,35578,34502,35224,34642
336,336,338,265,251,浙大宁波理工学院,浙江,理工,145.1,1113,本科一批,83540,83577.0,70771,71135,74158,88287,88287,88287,88287
337,337,339,266,252,佛山科学技术学院,广东,理工,144.6,147,本科二批,165929,166019.0,132697,138907,279199,111672,107188,120398,120398
338,338,340,267,253,山西农业大学,山西,农业,143.8,747,本科二批,118712,118543.0,203404,119222,121907,117903,115820,121631,121631
339,339,341,268,254,青岛理工大学,山东,理工,143.6,688,本科一批,37720,35887.0,112446,43222,39606,35578,32478,31811,29617
340,340,342,269,255,华北水利水电大学,河南,理工,143.5,424,本科二批,68282,73600.0,118136,91807,81346,69728,69728,69728,69728
341,341,343,270,255,华北水利水电大学,河南,理工,143.5,425,本科一批,68282,73600.0,78166,75906,74158,67520,55546,48733,41898
342,342,344,271,256,厦门理工学院,福建,理工,143.2,712,本科二批,85202,81130.0,112446,97420,86875,85035,71482,61142,54810
343,343,345,272,258,南京工程学院,江苏,理工,142.7,608,本科一批,70811,73019.0,60300,64188,73020,73020,73020,73020,73020
344,344,346,733,258,江西中医药大学,江西,医药,,509,本科二批,61654,101880.0,115307,140403,108397,103118,94127,81346,72028
345,345,347,734,258,江西中医药大学,江西,医药,,510,本科一批,61654,101880.0,63644,61893,71851,71851,71851,71851,71851
346,346,348,273,259,北京联合大学,北京,综合,142.2,59,本科二批,42564,82283.0,105431,98716,113728,66544,66578,68889,68889
347,347,349,274,259,北京联合大学,北京,综合,142.2,60,本科一批,42564,82283.0,55959,47088,57178,34859,31135,32459,33222
348,348,350,275,260,长春工业大学,吉林,理工,141.6,1089,本科二批,104547,103790.0,142881,106820,105793,107979,97599,98426,74303
349,349,351,276,261,辽宁工程技术大学,辽宁,理工,141.3,552,本科一批,68646,65409.0,90783,78357,69714,65570,60944,53976,48104
350,350,352,277,262,湖州师范学院,浙江,师范,141.1,415,本科二批,79148,113399.0,128279,116385,115107,117903,107188,114216,114216
351,351,353,278,262,湖州师范学院,浙江,师范,141.1,416,本科一批,79148,113399.0,70771,72367,74158,85035,85035,85035,85035
352,352,354,279,263,江汉大学,湖北,综合,140.5,482,本科一批,84488,84488.0,66016,84489,84489,84489,84489,84489,84489
353,353,356,280,264,辽宁石油化工大学,辽宁,理工,140.2,561,本科一批,79035,78046.0,88238,82003,93105,72572,68464,56631,50008
354,354,357,281,265,青海师范大学,青海,师范,140.1,694,本科二批,131216,131974.0,145875,128942,131781,131966,132176,134428,134428
355,355,358,282,266,吉林师范大学,吉林,师范,139.9,464,本科二批,110789,111205.0,132697,109540,112391,110417,110810,120398,120398
356,356,359,283,267,北京石油化工学院,北京,理工,139.7,65,本科二批,93985,91479.0,115307,101503,93105,98319,83016,71835,59871
357,357,360,284,267,内蒙古师范大学,内蒙古,师范,139.7,654,本科二批,141592,144390.0,134151,133199,149279,139883,144009,134428,134428
358,358,361,285,269,中国民航大学,天津,理工,139.1,1167,本科一批,58281,57432.0,54949,60827,100680,38484,33135,33120,32477
359,359,362,625,269,重庆工商大学,重庆,财经,,1200,本科二批,46677,84719.0,105431,89567,89282,79734,85142,65849,61992
360,360,363,626,269,重庆工商大学,重庆,财经,,1201,本科一批,46677,84719.0,49827,48117,50338,52387,35870,32459,33947
361,361,364,286,270,辽宁工业大学,辽宁,理工,138.7,553,本科二批,109009,107490.0,142881,113569,109722,111672,101077,93741,79003
362,362,365,684,270,西南民族大学,四川,民族,,1004,本科二批,49388,85464.0,104040,100103,90542,85035,80816,80251,85077
363,363,366,685,270,西南民族大学,四川,民族,,1005,本科一批,49388,85464.0,51895,49113,53206,45525,49710,59235,59235
364,364,367,287,271,湖南工业大学,湖南,理工,138.6,396,本科一批,65242,67466.0,60300,58573,59191,65570,77638,77638,77638
365,365,368,288,272,延安大学,陕西,综合,138.5,1046,本科二批,111552,109941.0,122496,116385,111061,109212,109551,85827,85827
366,366,369,289,273,西华大学,四川,综合,138.2,992,本科一批,49342,50419.0,49827,46111,49387,48886,52986,60196,60196
367,367,370,735,273,湖南中医药大学,湖南,医药,,414,本科一批,56021,58324.0,46947,49113,65427,68522,41026,35978,35398
368,368,371,290,274,桂林理工大学,广西,理工,138.0,246,本科二批,92190,100328.0,109592,112214,100680,100709,97599,131857,75468
369,369,372,291,274,桂林理工大学,广西,理工,138.0,247,本科一批,92190,100328.0,80734,92191,92191,92191,92191,92191,92191
370,370,373,292,275,河北工程大学,河北,理工,137.0,297,本科二批,56284,101808.0,126766,104116,104489,107979,92959,90348,76618
371,371,374,293,275,沈阳化工大学,辽宁,理工,137.0,818,本科二批,110472,111865.0,297990,109540,111061,112929,108360,104424,80151
372,372,375,294,275,河北工程大学,河北,理工,137.0,298,本科一批,56284,101808.0,71998,59698,57178,56901,51363,49591,44499
373,373,376,736,276,新乡医学院,河南,医药,,1031,本科一批,64271,62747.0,85633,68843,67572,58817,61855,33120,31055
374,374,377,295,277,绍兴文理学院,浙江,师范,136.8,805,本科二批,110368,108363.0,116712,116385,111061,110417,103612,99611,99611
375,375,378,296,278,安徽工程大学,安徽,理工,136.6,3,本科二批,107057,107579.0,132697,105494,108397,117903,96438,98426,98426
376,376,379,297,279,浙江科技学院,浙江,理工,135.9,1123,本科一批,66466,66466.0,66016,66467,66467,66467,66467,66467,66467
377,377,380,298,280,盐城工学院,江苏,理工,135.0,1049,本科二批,116332,114423.0,293683,122058,121907,114177,107188,105618,105618
378,378,381,628,280,河北经贸大学,河北,财经,,305,本科二批,89612,88753.0,109592,92191,90542,96023,79696,60196,54810
379,379,382,299,281,盐城师范学院,江苏,师范,134.8,1050,本科二批,135614,134516.0,134151,138907,141960,133310,128280,130602,130602
380,380,383,300,282,山西师范大学,山西,师范,134.5,748,本科二批,110533,109973.0,115307,112214,112391,107979,109551,122878,122878
381,381,384,737,282,河南中医药大学,河南,医药,,340,本科二批,86122,101303.0,165585,275609,104362,99938,99611,99611,99611
382,382,385,738,282,河南中医药大学,河南,医药,,341,本科一批,86122,101303.0,101319,90901,93105,82846,77638,61142,56764
383,383,386,301,283,赣南师范大学,江西,师范,133.9,178,本科二批,89362,119926.0,125339,120651,120507,119108,119499,130602,130602
384,384,387,302,283,赣南师范大学,江西,师范,133.9,179,本科一批,89362,119926.0,75663,82003,91816,91816,91816,91816,91816
385,385,388,303,284,大连海洋大学,辽宁,农业,133.7,112,本科二批,104553,101999.0,131200,112214,109722,106733,89544,84704,75468
386,386,389,304,285,内蒙古工业大学,内蒙古,理工,133.6,646,本科二批,123768,122955.0,159463,126208,129013,119108,120745,106749,106749
387,387,390,818,285,天津外国语大学,天津,语言,,894,本科一批,35933,35040.0,58092,38611,37129,34859,33135,29092,28940
388,388,391,819,285,西安外国语大学,陕西,语言,,973,本科一批,31141,31104.0,34265,33477,41266,27041,25007,27849,27001
389,389,392,835,285,上海政法学院,上海,政法,,799,本科一批,39511,39506.0,41207,39525,41266,38484,38770,40557,41066
390,390,393,305,286,淮阴师范学院,江苏,师范,133.3,443,本科二批,138557,137942.0,280640,140403,139124,139883,134821,137044,137044
391,391,394,739,286,湖北中医药大学,湖北,医药,,388,本科一批,57505,55277.0,66016,64188,61214,59764,44856,42986,51955
392,392,395,306,287,信阳师范学院,河南,师范,133.1,1035,本科二批,87765,118885.0,132697,120651,120507,117903,118247,120398,120398
393,393,396,307,287,信阳师范学院,河南,师范,133.1,1036,本科一批,87765,118885.0,86942,83217,89282,89282,89282,89282,89282
394,394,397,308,288,安庆师范大学,安徽,师范,132.9,19,本科二批,113219,115794.0,105431,105494,113728,115409,118247,127998,127998
395,395,398,629,288,山西财经大学,山西,财经,,737,本科二批,47185,94756.0,118136,96089,100680,99507,84084,72807,64177
396,396,399,630,288,山西财经大学,山西,财经,,738,本科一批,47185,94756.0,47907,48117,55105,52387,33135,33120,32477
397,397,400,309,289,合肥学院,安徽,理工,132.8,291,本科二批,107044,106602.0,111038,108151,107111,114177,98741,100834,100834
398,398,401,310,290,云南农业大学,云南,农业,132.6,1074,本科二批,114865,113883.0,165585,117811,119172,112929,109551,115431,115431
399,399,402,311,291,辽宁科技大学,辽宁,理工,132.5,555,本科二批,59226,104142.0,139904,105494,115107,104362,92959,94891,80151
400,400,403,312,291,辽宁科技大学,辽宁,理工,132.5,556,本科一批,59226,104142.0,108202,65365,57178,58817,55546,48733,46332
401,401,404,313,292,南宁师范大学,广西,师范,132.3,632,本科二批,135445,138524.0,125339,126208,130391,141173,144009,163055,163055
402,402,405,314,293,沈阳理工大学,辽宁,理工,132.2,821,本科二批,53437,94104.0,131200,100103,95599,98319,88395,79105,69728
403,403,406,315,293,沈阳理工大学,辽宁,理工,132.2,822,本科一批,53437,94104.0,63644,57472,55105,51463,49710,47851,48104
404,404,407,740,293,西南医科大学,四川,医药,,1007,本科二批,37767,61991.0,118136,141799,61992,61992,61992,61992,61992
405,405,408,741,293,西南医科大学,四川,医药,,1008,本科一批,37767,61991.0,37676,34290,38753,39257,38770,41335,41335
406,406,409,806,293,四川外国语大学,重庆,语言,,851,本科一批,36533,30974.0,46947,53210,35574,29486,27863,30395,29617
407,407,410,316,294,内蒙古民族大学,内蒙古,综合,131.3,652,本科二批,156189,156267.0,208283,155958,158333,150408,160061,130602,130602
408,408,411,317,295,新疆师范大学,新疆,师范,131.2,1023,本科二批,150389,148066.0,182785,157359,153726,145144,145330,146130,146130
409,409,412,318,296,湖北师范大学,湖北,师范,130.8,382,本科二批,98985,97275.0,112446,104116,99361,99507,92959,103213,103213
410,410,413,319,297,淮阴工学院,江苏,理工,130.6,442,本科二批,120123,119478.0,154848,122058,123275,126800,108360,104424,104424
411,411,414,320,297,吉林建筑大学,吉林,理工,130.6,459,本科二批,115714,114068.0,187565,120651,123275,114177,104754,103213,103213
412,412,415,321,297,重庆科技学院,重庆,理工,130.6,1205,本科二批,107419,106269.0,112446,110870,108397,111672,98741,86948,83871
413,413,416,322,300,中原工学院,河南,理工,130.4,1190,本科二批,95443,112572.0,129750,112214,116429,112929,108360,110437,110437
414,414,417,323,300,中原工学院,河南,理工,130.4,1191,本科一批,95443,112572.0,105431,100103,99361,97168,85142,70854,70854
415,415,418,324,301,北华大学,吉林,综合,130.2,38,本科二批,137057,143948.0,145875,116385,225127,107979,98741,99611,83871
416,416,419,325,301,嘉兴学院,浙江,综合,130.2,480,本科二批,108555,108227.0,125339,109540,107111,109212,108360,82440,79003
417,417,420,742,302,黑龙江中医药大学,黑龙江,医药,,358,本科二批,73125,155659.0,145875,137488,234488,121682,110810,155209,155209
418,418,421,743,302,黑龙江中医药大学,黑龙江,医药,,359,本科一批,73125,155659.0,83173,80773,107111,53254,51363,64867,64867
419,419,422,326,303,临沂大学,山东,综合,129.8,565,本科二批,110513,109494.0,121053,113569,109722,109212,109551,142305,80151
420,420,423,327,304,吉首大学,湖南,综合,129.7,468,本科二批,76772,102289.0,132697,109540,109722,100709,96438,91462,91462
421,421,424,328,304,吉首大学,湖南,综合,129.7,469,本科一批,76772,102289.0,68314,71135,78652,78652,78652,78652,78652
422,422,425,631,304,北京物资学院,北京,财经,,68,本科一批,43575,43059.0,69571,45122,43018,48886,37276,35978,35398
423,423,426,329,305,景德镇陶瓷大学,江西,理工,129.5,518,本科二批,121251,120523.0,137053,123435,119172,122901,119499,121631,121631
424,424,427,330,306,广东技术师范大学,广东,师范,129.3,189,本科二批,107671,108396.0,112446,105494,108397,108397,108397,108397,108397
425,425,428,331,307,淮北师范大学,安徽,师范,128.7,440,本科二批,107852,109097.0,102673,104116,109722,109212,108360,119224,119224
426,426,429,332,308,广东海洋大学,广东,农业,128.6,188,本科二批,106926,104712.0,128279,113569,109722,107979,96438,94891,94891
427,427,430,697,308,首都体育学院,北京,体育,,835,本科二批,108976,108788.0,121053,109540,109722,117903,98741,107956,107956
428,428,431,807,308,大连外国语大学,辽宁,语言,,120,本科一批,46337,45072.0,55959,50132,66504,35578,33135,35978,35978
429,429,432,333,309,宁波工程学院,浙江,理工,128.4,659,本科二批,102189,100202.0,125339,108151,103209,106733,90665,81346,80151
430,430,433,334,309,长江师范学院,重庆,师范,128.4,1102,本科二批,121743,120728.0,189083,124788,126087,119108,116990,125402,125402
431,431,434,335,311,上海海关学院,上海,综合,128.0,777,本科一批,33956,34116.0,35077,33477,34124,34113,34113,34113,34113
432,432,435,336,312,黑龙江八一农垦大学,黑龙江,农业,127.8,347,本科二批,152971,151509.0,162483,157359,161404,150408,142717,144846,144846
433,433,436,337,313,江西科技师范大学,江西,师范,127.0,499,本科二批,102089,116833.0,156390,116385,120507,115409,114586,117948,117948
434,434,437,338,313,江西科技师范大学,江西,师范,127.0,500,本科一批,102089,116833.0,81978,87025,107111,107111,107111,107111,107111
435,435,438,339,314,安阳师范学院,河南,师范,125.9,23,本科二批,146116,147067.0,154848,143264,150749,147736,142717,143623,143623
436,436,439,340,314,西南林业大学,云南,林业,125.9,1003,本科二批,114842,114328.0,147350,116385,120507,112929,109551,111724,111724
437,437,440,744,315,福建中医药大学,福建,医药,,159,本科二批,106609,107440.0,121053,104116,107111,101908,113302,80251,69728
438,438,441,341,316,新疆农业大学,新疆,农业,125.5,1022,本科二批,160798,158174.0,203404,168670,171994,157199,145330,144846,144846
439,439,442,746,316,安徽中医药大学,安徽,医药,,17,本科二批,104938,106083.0,111038,101503,100680,109212,108360,76938,70874
440,440,443,342,317,常熟理工学院,江苏,综合,125.2,84,本科二批,110076,108911.0,125339,113569,113728,115409,97599,97211,97211
441,441,444,343,318,闽南师范大学,福建,师范,124.9,584,本科二批,122635,122369.0,138510,123435,124682,121682,120745,121631,121631
442,442,445,344,318,天津城建大学,天津,理工,124.9,879,本科二批,104039,101762.0,126766,110870,104489,104362,96438,84704,74303
443,443,446,747,319,内蒙古医科大学,内蒙古,医药,,655,本科二批,131548,144396.0,144391,105494,105793,109212,183594,79105,81363
444,444,447,345,320,福建工程学院,福建,理工,124.7,148,本科二批,146905,166019.0,145875,163015,279199,111672,107188,94891,94891
445,445,448,346,321,沈阳大学,辽宁,综合,124.5,811,本科二批,109865,109530.0,123956,110870,111061,107979,109551,88055,82619
446,446,449,632,321,吉林财经大学,吉林,财经,,453,本科一批,58542,57781.0,76893,60827,59191,55062,59092,59092,59092
447,447,450,347,322,五邑大学,广东,综合,124.4,923,本科二批,104897,104698.0,116712,105494,105793,114177,94127,92622,92622
448,448,451,348,323,内蒙古科技大学,内蒙古,综合,124.2,648,本科二批,91894,128591.0,296564,133199,133227,126800,125749,130602,130602
449,449,452,349,323,内蒙古科技大学,内蒙古,综合,124.2,649,本科一批,91894,128591.0,90783,92191,107111,107111,107111,107111,107111
450,450,453,350,324,江苏理工学院,江苏,理工,123.5,492,本科二批,99011,97750.0,116712,102795,100680,101908,90665,79105,79003
451,451,454,748,324,昆明医科大学,云南,医药,,529,本科二批,38886,82933.0,62527,72367,94355,73631,80816,46998,48104
452,452,455,749,324,昆明医科大学,云南,医药,,530,本科一批,38886,82933.0,43027,26493,43018,43018,43018,43018,43018
453,453,456,351,325,上海第二工业大学,上海,理工,123.4,771,本科二批,47400,79854.0,99984,84489,82193,79734,77638,70854,65220
454,454,457,352,325,上海第二工业大学,上海,理工,123.4,772,本科一批,47400,79854.0,48861,46111,46572,47211,49710,55755,55755
455,455,458,633,325,河南财经政法大学,河南,财经,,320,本科一批,54478,52738.0,63644,59698,56118,52387,49710,46998,43618
456,456,459,353,326,浙大城市学院,浙江,理工,123.0,1112,本科一批,65269,67126.0,63644,59698,62311,69535,69535,69535,69535
457,457,460,354,327,太原科技大学,山西,理工,122.7,867,本科二批,68256,98581.0,115307,102795,101963,103118,90665,88055,76618
458,458,461,355,327,太原科技大学,山西,理工,122.7,868,本科一批,68256,98581.0,76893,74766,75279,66544,56437,53090,50008
459,459,462,750,327,潍坊医学院,山东,医药,,910,本科二批,116053,128286.0,85633,116385,86875,90484,170472,59235,54810
460,460,463,356,328,岭南师范学院,广东,师范,122.6,566,本科二批,143031,141062.0,154848,148936,153726,139883,129580,139691,139691
461,461,464,357,329,天津农学院,天津,农业,122.2,886,本科二批,125597,123063.0,174842,133199,130391,125497,113302,115431,115431
462,462,465,634,329,湖北经济学院,湖北,财经,,373,本科二批,91010,87081.0,112446,102795,93105,91562,76579,63017,56764
463,463,466,358,330,塔里木大学,新疆,综合,121.5,863,本科二批,186182,183936.0,237132,192920,192243,191652,167915,160352,160352
464,464,468,360,331,南京晓庄学院,江苏,师范,121.3,624,本科二批,107120,105422.0,113880,112214,107111,110417,98741,99611,99611
465,465,469,751,331,长春中医药大学,吉林,医药,,1097,本科二批,66086,92581.0,148869,112391,111672,150662,91462,73170,73170
466,466,470,752,331,长春中医药大学,吉林,医药,,1098,本科一批,66086,92581.0,83173,63035,60165,70573,70573,70573,70573
467,467,471,361,332,大理大学,云南,综合,120.9,105,本科二批,107100,105844.0,138510,110870,108397,105524,103612,93741,93741
468,468,472,362,332,井冈山大学,江西,综合,120.9,517,本科二批,121309,121060.0,134151,122058,123275,120408,119499,126705,126705
469,469,473,753,333,湖北医药学院,湖北,医药,,386,本科二批,97889,85610.0,102673,96089,84432,103118,105972,72807,68584
470,470,474,754,333,遵义医科大学,贵州,医药,,1221,本科二批,43362,95612.0,108202,101503,105793,128060,52986,48733,55771
471,471,475,755,333,遵义医科大学,贵州,医药,,1222,本科一批,43362,95612.0,35958,38611,38753,48043,48043,48043,48043
472,472,476,363,334,湖南理工学院,湖南,理工,120.8,401,本科二批,85728,104135.0,159463,102795,101963,124214,86229,83527,76618
473,473,477,364,334,江苏海洋大学,江苏,理工,120.8,487,本科二批,109020,108403.0,113880,110870,111061,115409,98741,93741,83871
474,474,478,365,334,湖南理工学院,湖南,理工,120.8,402,本科一批,85728,104135.0,74466,85729,85729,85729,85729,85729,85729
475,475,480,686,334,广西民族大学,广西,民族,,208,本科二批,121627,121537.0,151865,123435,134658,116652,113302,116656,116656
476,476,481,367,336,台州学院,浙江,综合,120.6,865,本科二批,118795,118653.0,123956,119222,123275,125497,107188,99611,99611
477,477,482,368,337,闽江学院,福建,理工,120.4,581,本科二批,118485,117294.0,129750,122058,121907,117903,112073,99611,99611
478,478,483,369,338,黄冈师范学院,湖北,师范,120.0,444,本科二批,142875,144198.0,138510,138907,143428,146450,142717,142717,142717
479,479,484,370,339,浙江万里学院,浙江,理工,119.9,1133,本科二批,199110,203075.0,185975,187213,197053,205421,206754,206754,206754
480,480,485,371,339,重庆文理学院,重庆,综合,119.9,1213,本科二批,106647,104340.0,119572,113569,111061,105524,96438,98426,98426
481,481,486,372,341,齐齐哈尔大学,黑龙江,综合,119.7,677,本科二批,131491,129989.0,241940,135998,136160,128060,125749,137044,137044
482,482,487,373,341,四川轻化工大学,四川,理工,119.7,848,本科二批,92194,104919.0,106846,108151,115107,105524,94127,90348,83871
483,483,488,374,341,四川轻化工大学,四川,理工,119.7,849,本科一批,92194,104919.0,74466,78357,96807,96807,96807,96807,96807
484,484,489,375,343,南昌工程学院,江西,理工,119.6,590,本科二批,68087,113142.0,122496,116385,117785,122901,98741,98426,81363
485,485,490,376,343,南昌工程学院,江西,理工,119.6,591,本科一批,68087,113142.0,78166,67627,67572,70573,66578,70854,70854
486,486,491,377,344,天津职业技术师范大学,天津,师范,119.4,898,本科二批,114603,114481.0,148869,114968,109722,117903,115820,117948,117948
487,487,492,635,344,上海立信会计金融学院,上海,财经,,786,本科二批,27801,65883.0,86942,74766,78652,61702,57297,48733,42781
488,488,493,636,344,上海立信会计金融学院,上海,财经,,787,本科一批,27801,65883.0,101319,34290,27764,28843,23318,22540,23903
489,489,494,378,345,上海电机学院,上海,理工,119.1,773,本科一批,54907,54758.0,99984,55355,55105,57808,51363,49591,43618
490,490,495,379,346,湖北科技学院,湖北,综合,119.0,375,本科二批,102862,101099.0,119572,108151,107111,105524,90665,86948,75468
491,491,496,756,346,贵州医科大学,贵州,医药,,238,本科二批,78776,74304.0,58092,92191,60165,79734,83016,61142,63075
492,492,497,380,347,陕西理工大学,陕西,理工,118.8,758,本科二批,105651,106163.0,115307,104116,101963,100709,115820,97211,85077
493,493,498,757,347,陕西中医药大学,陕西,医药,,761,本科二批,90184,90815.0,101319,88293,93105,100709,78633,71835,68584
494,494,500,381,348,内江师范学院,四川,师范,118.5,642,本科二批,158472,158530.0,156390,155958,158333,157199,160061,163055,163055
495,495,501,382,349,合肥师范学院,安徽,师范,118.4,290,本科二批,129252,129356.0,259330,128942,130391,129399,128280,131857,131857
496,496,502,383,350,阜阳师范大学,安徽,师范,116.6,165,本科二批,136699,138338.0,135597,131782,137646,139883,137486,138336,138336
497,497,503,384,351,南阳师范学院,河南,师范,116.4,640,本科二批,98229,149268.0,148869,144698,150749,149103,147954,144846,144846
498,498,504,385,351,南阳师范学院,河南,师范,116.4,641,本科一批,98229,149268.0,94763,94834,99361,99361,99361,99361,99361
499,499,505,386,352,贵州师范学院,贵州,师范,116.2,237,本科二批,167864,157968.0,151865,144698,164407,168099,141401,151353,151353
500,500,506,759,352,山东第一医科大学,山东,医药,,718,本科二批,108396,110263.0,119572,102795,100680,104362,125749,76938,72028
501,501,507,387,353,徐州工程学院,江苏,理工,115.8,1040,本科二批,122085,121184.0,148869,124788,124682,126800,112073,109175,109175
502,502,508,388,354,洛阳师范学院,河南,师范,115.4,575,本科二批,127309,127676.0,128279,126208,130391,129399,123240,124155,124155
503,503,509,389,354,仲恺农业工程学院,广东,农业,115.4,1193,本科二批,131475,117169.0,147350,174394,117785,117903,115820,116656,116656
504,504,511,761,354,广东医科大学,广东,医药,,199,本科二批,26910,87701.0,102673,93476,94355,98319,70430,67869,49040
505,505,512,762,354,广东医科大学,广东,医药,,200,本科一批,26910,87701.0,28854,25751,25153,28227,28512,34544,34544
506,506,513,637,355,哈尔滨商业大学,黑龙江,财经,,261,本科一批,70095,68538.0,86942,74766,71851,75582,58183,49591,48104
507,507,514,391,356,长春师范大学,吉林,师范,115.2,1096,本科二批,123031,122897.0,156390,123435,127545,122901,118247,121631,121631
508,508,515,392,357,湖北文理学院,湖北,综合,114.8,384,本科二批,118144,120441.0,170142,113569,116429,120408,124488,85827,85827
509,509,516,393,358,宝鸡文理学院,陕西,师范,114.5,30,本科二批,132240,133340.0,153381,128942,133227,133310,133484,161742,161742
510,510,517,394,359,安徽科技学院,安徽,师范,114.2,6,本科二批,112195,111737.0,295123,113569,113728,120408,101077,100834,100834
511,511,518,395,360,长沙学院,湖南,理工,114.0,1106,本科二批,119414,121814.0,115307,112214,117785,155853,91807,90348,85077
512,512,519,396,361,衡阳师范学院,湖南,师范,113.8,361,本科二批,128655,128559.0,132697,128942,131781,130659,123240,130602,130602
513,513,520,397,362,无锡学院,江苏,综合,113.3,921,本科二批,181620,177686.0,142881,184345,187430,202671,152038,152038,152038
514,514,521,763,362,滨州医学院,山东,医药,,78,本科二批,105963,101882.0,131200,119222,73020,100709,130905,65849,63075
515,515,522,398,363,滨州学院,山东,师范,113.1,77,本科二批,144459,143445.0,283600,147501,141960,163888,124488,126705,126705
516,516,523,399,364,长春大学,吉林,综合,112.8,1085,本科二批,106263,104727.0,135597,110870,109722,109212,95249,90348,79003
517,517,524,638,364,天津商业大学,天津,财经,,888,本科二批,61040,90267.0,156390,130372,98319,97599,74886,67428,67428
518,518,525,639,364,天津商业大学,天津,财经,,889,本科一批,61040,90267.0,67119,66467,82193,50647,44856,40557,39373
519,519,526,400,365,黑龙江科技大学,黑龙江,理工,112.6,356,本科二批,114823,114303.0,227590,116385,119172,112929,110810,121631,121631
520,520,527,401,365,泉州师范学院,福建,师范,112.6,700,本科二批,133640,132358.0,144391,137488,140526,133310,123240,124155,124155
521,521,528,808,365,浙江传媒学院,浙江,语言,,1116,本科二批,87203,85112.0,98686,93476,90542,81781,83016,72807,68584
522,522,529,640,366,内蒙古财经大学,内蒙古,财经,,643,本科二批,135322,132197.0,147350,144698,147855,125497,123240,94891,94891
523,523,530,642,367,西安财经大学,陕西,财经,,949,本科二批,68842,84151.0,86942,84489,84432,87208,80816,57486,51955
524,524,531,643,367,西安财经大学,陕西,财经,,950,本科一批,68842,84151.0,60300,68843,68843,68843,68843,68843,68843
525,525,532,764,367,川北医学院,四川,医药,,104,本科一批,60035,62310.0,54949,53210,62311,62311,62311,62311,62311
526,526,533,402,368,广西科技大学,广西,理工,111.8,206,本科二批,115007,115021.0,148869,114968,115107,109212,120745,99611,99611
527,527,534,644,368,兰州财经大学,甘肃,财经,,533,本科二批,106812,105903.0,115307,109540,119172,106733,91807,92622,92622
528,528,535,403,369,江苏第二师范学院,江苏,师范,111.5,486,本科二批,109642,108785.0,111038,112214,112391,109212,104754,117948,117948
529,529,536,765,369,沈阳医学院,辽宁,医药,,827,本科二批,114270,118095.0,150381,102795,152213,94885,107188,69854,61992
530,530,537,404,370,西藏农牧学院,西藏,农业,111.1,990,本科二批,220948,223157.0,214734,214321,209699,198558,261217,261217,261217
531,531,538,405,371,贵州理工学院,贵州,理工,111.0,235,本科二批,140645,140526.0,151865,144698,176534,126800,118247,117948,117948
532,532,539,406,371,咸阳师范学院,陕西,师范,111.0,1010,本科二批,134457,134877.0,137053,133199,139124,134604,130905,130602,130602
533,533,540,645,371,湖南工商大学,湖南,财经,,394,本科一批,63945,65736.0,59195,58573,60165,68522,68522,68522,68522
534,534,541,407,373,九江学院,江西,综合,110.8,521,本科二批,119190,116851.0,142881,126208,130391,115409,104754,102018,102018
535,535,542,408,374,绵阳师范学院,四川,师范,110.6,580,本科二批,133384,148559.0,148869,154550,164407,146450,134821,138336,138336
536,536,543,409,375,湖北汽车工业学院,湖北,理工,110.5,378,本科二批,77582,128652.0,147350,133199,134658,128060,123240,99611,82619
537,537,544,410,375,湖北汽车工业学院,湖北,理工,110.5,379,本科一批,77582,128652.0,93448,110870,73020,63646,62794,62030,62030
538,538,545,411,376,常州工学院,江苏,理工,109.7,87,本科二批,107700,107087.0,123956,109540,108397,112929,99938,102018,102018
539,539,546,766,376,桂林医学院,广西,医药,,250,本科二批,99013,97752.0,112446,102795,109722,88287,95249,76938,73170
540,540,547,412,377,金陵科技学院,江苏,综合,109.6,511,本科二批,99427,97864.0,115307,104116,101963,104362,87270,76938,73170
541,541,548,413,378,黑龙江工程学院,黑龙江,理工,109.4,352,本科二批,136649,135397.0,259330,140403,141960,135954,128280,122878,122878
542,542,549,414,378,乐山师范学院,四川,师范,109.4,544,本科二批,160897,161128.0,164055,160203,185877,148755,148755,148755,148755
543,543,550,687,379,西北民族大学,甘肃,民族,,981,本科二批,64187,117217.0,132697,124788,119172,120408,112073,109175,109175
544,544,551,688,379,西北民族大学,甘肃,民族,,982,本科一批,64187,117217.0,52925,64188,64188,64188,64188,64188,64188
545,545,552,415,380,潍坊学院,山东,综合,109.2,909,本科二批,130118,128626.0,257747,134593,133227,130659,121994,121631,121631
546,546,553,689,380,云南民族大学,云南,民族,,1073,本科二批,109977,110123.0,286455,109540,113728,117903,98741,100834,100834
547,547,554,416,381,佳木斯大学,黑龙江,综合,108.8,478,本科二批,148945,148948.0,297990,148936,162953,142492,141401,150006,150006
548,548,555,417,382,唐山师范学院,河北,师范,108.5,875,本科二批,173068,170261.0,187565,181490,181267,170826,158692,155209,155209
549,549,556,418,383,山东交通学院,山东,理工,108.4,724,本科二批,104882,101934.0,129750,113728,117903,96438,91462,77740,77740
550,550,557,419,384,广东石油化工学院,广东,综合,107.6,195,本科二批,117275,115681.0,142881,122058,123275,115409,108360,107956,107956
551,551,558,420,384,河北建筑工程学院,河北,理工,107.6,303,本科二批,113023,110956.0,296564,119222,115107,115409,102355,104424,104424
552,552,559,646,384,河北地质大学,河北,财经,,294,本科二批,109914,109013.0,123956,110870,111061,116652,101077,91462,91462
553,553,560,647,384,云南财经大学,云南,财经,,1068,本科二批,99481,97477.0,137053,105494,100680,105524,86229,69854,63075
554,554,561,767,385,成都医学院,四川,医药,,96,本科一批,42516,43817.0,35077,38611,40404,45525,45525,45525,45525
555,555,562,421,386,湖北工程学院,湖北,综合,107.4,369,本科二批,108746,107138.0,131200,113569,111061,110417,99938,91462,91462
556,556,563,422,387,惠州学院,广东,综合,107.3,451,本科二批,121170,120415.0,131200,123435,126087,126800,108360,102018,102018
557,557,564,648,387,贵州财经大学,贵州,财经,,229,本科二批,136665,125491.0,200256,191461,253689,85142,84704,84704,84704
558,558,565,768,387,蚌埠医学院,安徽,医药,,28,本科二批,46442,112968.0,129750,122058,152213,94885,91807,75897,66329
559,559,566,769,387,蚌埠医学院,安徽,医药,,29,本科一批,46442,112968.0,41207,43222,47516,47516,47516,47516,47516
560,560,567,836,387,甘肃政法大学,甘肃,政法,,172,本科二批,83216,112493.0,115307,110870,112391,117903,107188,120398,120398
561,561,568,837,387,甘肃政法大学,甘肃,政法,,173,本科一批,83216,112493.0,69571,83217,83217,83217,83217,83217,83217
562,562,569,423,388,成都工业学院,四川,理工,107.1,91,本科二批,100547,99358.0,108202,104116,103209,101908,92959,93741,93741
563,563,570,424,388,丽水学院,浙江,师范,107.1,546,本科二批,112936,111786.0,159463,116385,116429,114177,104754,107956,107956
564,564,571,425,390,黄淮学院,河南,师范,106.8,448,本科二批,176792,175728.0,184349,179984,182812,177786,166587,156507,156507
565,565,573,770,390,皖南医学院,安徽,医药,,907,本科二批,95225,111594.0,64821,61893,64379,65570,158692,58360,64177
566,566,574,427,391,许昌学院,河南,理工,106.7,1042,本科二批,158338,158664.0,170142,157359,161404,162553,152038,146130,146130
567,567,575,771,391,济宁医学院,山东,医药,,476,本科二批,100041,97338.0,156390,108151,91816,112929,87270,79105,67428
568,568,576,428,392,北华航天工业学院,河北,理工,106.6,39,本科二批,106827,105480.0,121053,110870,109722,107979,98741,91462,81363
569,569,577,429,393,湖北第二师范学院,湖北,师范,106.5,367,本科二批,114138,113389.0,115307,116385,116429,112929,110810,111724,111724
570,570,578,430,394,湖南第一师范学院,湖南,师范,106.2,392,本科二批,102689,102654.0,105431,102795,105793,109212,92959,89200,89200
571,571,579,431,395,湖南文理学院,湖南,综合,105.9,410,本科二批,120619,119230.0,135597,124788,117785,120408,119499,126705,126705
572,572,580,772,395,广西中医药大学,广西,医药,,216,本科二批,96356,96863.0,123956,94834,95599,114177,80816,75897,70874
573,573,581,809,395,浙江外国语学院,浙江,语言,,1132,本科二批,90717,95090.0,106846,93476,93105,78689,97599,53976,63075
574,574,582,432,396,周口师范学院,河南,师范,105.7,1218,本科二批,177200,177200.0,178120,177201,184336,181968,165297,155209,155209
575,575,583,433,397,铜仁学院,贵州,综合,105.5,905,本科二批,178414,177890.0,171656,179984,190661,176425,166587,163055,163055
576,576,584,434,397,重庆三峡学院,重庆,综合,105.5,1209,本科二批,128797,131512.0,121053,120651,178112,111672,104754,106749,106749
577,577,585,435,400,遵义师范学院,贵州,师范,105.4,1220,本科二批,155036,158482.0,189083,144698,156834,157199,161415,160352,160352
578,578,586,436,401,上饶师范学院,江西,师范,105.0,802,本科二批,165074,167156.0,165585,158828,164407,165288,171775,159073,159073
579,579,587,437,402,商丘师范学院,河南,师范,104.8,766,本科二批,164671,165692.0,165585,161609,168910,169476,158692,148755,148755
580,580,588,438,403,宜春学院,江西,综合,104.7,1060,本科二批,126925,121967.0,189083,141799,117785,138568,109551,112969,112969
581,581,589,439,403,浙江水利水电学院,浙江,理工,104.7,1131,本科二批,108444,107635.0,119572,110870,111061,115409,96438,91462,91462
582,582,590,690,403,大连民族大学,辽宁,民族,,118,本科二批,69438,94884.0,104040,102795,105793,92631,86229,82440,82619
583,583,591,691,403,大连民族大学,辽宁,民族,,119,本科一批,69438,94884.0,85633,110870,60165,57808,48911,53090,50008
584,584,592,774,404,甘肃中医药大学,甘肃,医药,,174,本科二批,67496,113260.0,122496,109540,111061,142492,86229,84704,80151
585,585,593,775,404,甘肃中医药大学,甘肃,医药,,175,本科一批,67496,113260.0,70771,67627,61214,70573,70573,70573,70573
586,586,594,440,405,滁州学院,安徽,师范,104.6,102,本科二批,121402,121183.0,131200,122058,124682,128060,110810,111724,111724
587,587,595,441,406,吉林化工学院,吉林,理工,104.4,458,本科二批,141590,140073.0,222771,146141,150749,138568,130905,133138,133138
588,588,596,442,407,德州学院,山东,综合,104.1,124,本科二批,160049,160457.0,165585,158828,161404,162553,157415,146130,146130
589,589,597,443,408,肇庆学院,广东,综合,104.0,1111,本科二批,133785,133981.0,289382,133199,137646,137269,127030,144846,144846
590,590,598,692,408,西藏民族大学,陕西,民族,,988,本科二批,142882,143244.0,148869,141799,162953,134604,132176,106749,106749
591,591,600,776,408,广东药科大学,广东,医药,,198,本科二批,90943,87890.0,135597,100103,100680,98319,64674,63017,57764
592,592,601,444,409,泰山学院,山东,综合,103.5,873,本科二批,149551,149756.0,156390,148936,152213,149103,147954,153953,153953
593,593,602,445,410,广东第二师范学院,广东,师范,103.2,184,本科二批,110444,111208.0,118136,108151,121682,105972,105972,105972,105972
594,594,603,446,411,沈阳工程学院,辽宁,理工,102.7,812,本科二批,116744,116388.0,168671,117811,120507,119108,109551,104424,104424
595,595,604,447,412,榆林学院,陕西,师范,102.3,1064,本科二批,169856,168834.0,203404,172921,178112,173642,154750,150006,150006
596,596,605,448,413,长春工程学院,吉林,理工,102.2,1088,本科二批,132065,132160.0,189083,131782,146428,128060,121994,147444,147444
597,597,606,838,413,中国人民警察大学,河北,政法,,1173,本科一批,80772,80772.0,80734,80773,80773,80773,80773,80773,80773
598,598,607,449,414,洛阳理工学院,河南,综合,102.0,573,本科二批,121497,119463.0,144391,127600,124682,120408,113302,111724,111724
599,599,609,451,415,韩山师范学院,广东,师范,101.3,280,本科二批,147672,147251.0,216337,148936,145144,141401,155209,155209,155209
600,600,610,777,415,杭州医学院,浙江,医药,,286,本科二批,93602,94072.0,122496,92191,94355,98319,89544,89544,89544
601,601,611,452,416,天水师范学院,甘肃,师范,101.2,901,本科二批,171355,174604.0,274530,161609,171994,170826,180995,157809,157809
602,602,612,698,417,天津体育学院,天津,体育,,892,本科二批,135359,136079.0,137053,133199,136160,141173,130905,131857,131857
603,603,613,699,417,武汉体育学院,湖北,体育,,944,本科二批,126392,124595.0,128279,131782,127545,125497,120745,120398,120398
604,604,614,453,418,北部湾大学,广西,综合,101.1,33,本科二批,155952,160181.0,148869,143264,155299,161238,164009,161742,161742
605,605,615,454,418,西安文理学院,陕西,师范,101.1,975,本科二批,102822,101931.0,118136,105494,108397,106733,90665,85827,76618
606,606,616,455,420,齐鲁师范学院,山东,师范,100.9,675,本科二批,142381,144977.0,138510,134593,140526,145144,149264,155209,155209
607,607,617,778,421,河北中医学院,河北,医药,,317,本科二批,97675,97328.0,111038,98716,99361,112929,79696,84704,79003
608,608,618,456,422,哈尔滨学院,黑龙江,综合,100.6,266,本科二批,148900,146081.0,198637,157359,158333,147736,132176,129271,129271
609,609,619,457,423,湖南城市学院,湖南,综合,100.3,390,本科二批,130811,130015.0,142881,133199,136160,129399,124488,126705,126705
610,610,620,458,423,通化师范学院,吉林,师范,100.3,902,本科二批,181389,180404.0,190631,184345,185877,186172,169165,159073,159073
611,611,621,649,424,郑州航空工业管理学院,河南,财经,,1142,本科二批,93661,108439.0,154848,163015,113728,107979,103612,100834,100834
612,612,622,650,424,郑州航空工业管理学院,河南,财经,,1143,本科一批,93661,108439.0,106846,104116,104489,91562,74478,70854,70854
613,613,623,459,425,防灾科技学院,河北,理工,100.0,146,本科二批,130867,131956.0,128279,127600,130391,130659,134821,134428,134428
614,614,624,460,426,宜宾学院,四川,综合,99.9,1059,本科二批,154767,153413.0,156390,158828,162953,157199,140090,142305,142305
615,615,625,461,428,兰州城市学院,甘肃,综合,99.4,534,本科二批,164039,164432.0,159463,157359,158333,204059,130905,148755,148755
616,616,626,462,429,河南科技学院,河南,师范,99.2,331,本科二批,115589,143613.0,263892,153171,152213,145144,133484,129271,129271
617,617,627,463,429,河南科技学院,河南,师范,99.2,332,本科一批,115589,143613.0,109592,106820,107111,124214,124214,124214,124214
618,618,628,821,429,中国劳动关系学院,北京,政法,,1165,本科二批,99107,97437.0,113880,104116,103209,100709,88395,81346,77740
619,619,630,464,430,宁夏师范学院,宁夏,师范,99.0,665,本科二批,156835,157127.0,167136,155958,156834,163888,150662,153953,153953
620,620,631,465,430,曲靖师范学院,云南,师范,99.0,698,本科二批,159617,158954.0,190631,161609,158333,159838,158692,150006,150006
621,621,632,779,430,海南医学院,海南,医药,,277,本科二批,51198,130222.0,132697,109540,119172,115409,141401,90348,90348
622,622,633,780,430,海南医学院,海南,医药,,278,本科一批,51198,130222.0,78166,52176,57178,49758,45681,42986,40216
623,623,634,466,432,渭南师范学院,陕西,师范,98.9,911,本科二批,169820,173484.0,156390,158828,173485,173485,173485,173485,173485
624,624,635,700,432,沈阳体育学院,辽宁,体育,,825,本科二批,180032,181447.0,171656,175789,182812,205421,156110,152681,152681
625,625,636,467,433,玉林师范学院,广西,师范,98.8,1065,本科二批,200015,200015.0,189083,200016,200016,200016,200016,200016,200016
626,626,637,781,433,承德医学院,河北,医药,,99,本科二批,106974,121036.0,118136,78357,88095,83888,154750,69854,67428
627,627,638,468,434,南京特殊教育师范学院,江苏,师范,98.4,623,本科二批,157707,157823.0,156390,157359,162953,153104,157415,153953,153953
628,628,639,469,435,华北科技学院,河北,理工,98.2,420,本科二批,114348,112872.0,135597,116385,112391,107979,118247,88055,79003
629,629,640,470,436,唐山学院,河北,理工,98.0,876,本科二批,139813,138185.0,165585,144698,146428,135954,132176,161742,161742
630,630,641,782,436,西安医学院,陕西,医药,,977,本科一批,54280,54280.0,46947,54281,54281,54281,54281,54281,54281
631,631,642,471,437,韶关学院,广东,综合,97.9,803,本科二批,137290,139126.0,125339,131782,136160,147736,133484,134428,134428
632,632,643,472,438,河西学院,甘肃,综合,97.6,343,本科二批,175133,173979.0,184349,178596,185877,169476,166587,157809,157809
633,633,644,473,438,黄山学院,安徽,师范,97.6,450,本科二批,151369,150769.0,164055,153171,155299,177786,119224,119224,119224
634,634,645,679,439,北方民族大学,宁夏,民族,,35,本科二批,109539,125480.0,139904,144698,127545,129399,119499,124155,124155
635,635,646,680,439,北方民族大学,宁夏,民族,,36,本科一批,109539,125480.0,96108,109540,109540,109540,109540,109540,109540
636,636,647,474,440,中国民用航空飞行学院,四川,理工,97.3,1168,本科一批,72772,60073.0,93448,110870,62311,58817,59092,59092,59092
637,637,648,475,441,湖南工程学院,湖南,理工,97.2,393,本科二批,113707,113753.0,135597,113569,112391,121682,107188,104424,104424
638,638,649,476,442,三明学院,福建,综合,96.8,704,本科二批,140418,138057.0,164055,147501,143428,138568,132176,134428,134428
639,639,650,477,443,泰州学院,江苏,师范,96.7,874,本科二批,152273,154317.0,154848,146141,153726,154476,154750,160352,160352
640,640,651,651,443,广东金融学院,广东,财经,,190,本科二批,69723,64801.0,121053,84489,67572,69535,57297,53976,50008
641,641,652,478,444,湖北理工学院,湖北,理工,96.5,376,本科二批,110078,107975.0,153381,116385,111061,112929,99938,93741,80151
642,642,653,479,444,石家庄学院,河北,师范,96.5,831,本科二批,141187,140017.0,154848,144698,149279,135954,134821,137044,137044
643,643,654,783,444,赣南医学院,江西,医药,,181,本科二批,56810,154649.0,129750,123435,200217,190262,73470,79105,72028
644,644,655,784,444,赣南医学院,江西,医药,,182,本科一批,56810,154649.0,51895,56402,53206,58817,58817,58817,58817
645,645,656,652,445,新疆财经大学,新疆,财经,,1016,本科二批,141578,139604.0,233927,147501,143428,177786,97599,99611,99611
646,646,657,480,446,莆田学院,福建,综合,96.3,671,本科二批,137098,135043.0,148869,143264,143428,135954,125749,124155,124155
647,647,658,653,446,上海商学院,上海,财经,,789,本科二批,79605,75409.0,104040,92191,81012,77679,67539,56631,55771
648,648,659,481,447,龙岩学院,福建,综合,96.2,569,本科二批,146948,143478.0,168671,157359,147855,142492,140090,142305,142305
649,649,660,482,448,内蒙古科技大学包头师范学院,内蒙古,综合,96.1,650,本科二批,183957,183348.0,189083,185784,193825,180543,175678,160352,160352
650,650,661,483,449,安顺学院,贵州,综合,95.8,20,本科二批,180525,179252.0,214734,184345,185877,172231,179649,152681,152681
651,651,662,484,449,南昌师范学院,江西,师范,95.8,597,本科二批,135007,136083.0,135597,131782,136160,137269,134821,141002,141002
652,652,663,485,451,四川文理学院,四川,综合,95.5,854,本科二批,133911,132245.0,197054,138907,137646,134604,124488,129271,129271
653,653,664,486,452,廊坊师范学院,河北,师范,95.2,543,本科二批,137500,137504.0,221117,137488,139124,138568,134821,141002,141002
654,654,665,487,452,玉溪师范学院,云南,师范,95.2,1066,本科二批,156202,157212.0,162483,153171,158333,158555,154750,157809,157809
655,655,666,488,454,河南城建学院,河南,理工,95.1,322,本科二批,104849,159227.0,224338,158828,164407,161238,152038,143623,143623
656,656,667,489,454,河南城建学院,河南,理工,95.1,323,本科一批,104849,159227.0,115307,110870,107111,100709,100709,100709,100709
657,657,668,490,455,重庆第二师范学院,重庆,师范,95.0,1197,本科二批,115808,115140.0,128279,117811,119172,114177,112073,126705,126705
658,658,669,491,456,西昌学院,四川,综合,94.9,991,本科二批,168918,171354.0,160983,161609,168910,169476,175678,157809,157809
659,659,670,492,457,凯里学院,贵州,综合,94.8,523,本科二批,193921,196157.0,185975,187213,255219,166668,166587,163055,163055
660,660,671,493,457,牡丹江师范学院,黑龙江,师范,94.8,585,本科二批,173912,173752.0,206643,174394,181267,170826,169165,157809,157809
661,661,672,681,458,青海民族大学,青海,民族,,693,本科二批,136780,137041.0,164055,135998,137646,146450,127030,130602,130602
662,662,673,494,459,四川旅游学院,四川,综合,94.6,845,本科二批,139803,138171.0,164055,144698,146428,134604,133484,138336,138336
663,663,674,682,459,湖北民族大学,湖北,民族,,377,本科二批,122868,123607.0,156390,120651,124682,122901,123240,116656,116656
664,664,675,495,460,郑州师范学院,河南,师范,94.4,1150,本科二批,132655,132947.0,135597,131782,134658,134604,129580,130602,130602
665,665,676,496,461,大庆师范学院,黑龙江,综合,94.3,123,本科二批,184433,183506.0,192193,187213,195442,181968,173111,160352,160352
666,666,677,497,461,攀枝花学院,四川,综合,94.3,667,本科二批,120406,122219.0,122496,114968,130391,121682,114586,93741,93741
667,667,678,701,462,成都体育学院,四川,体育,,94,本科二批,152083,156948.0,141361,137488,143428,143825,183594,119224,119224
668,668,679,498,463,昆明学院,云南,综合,94.2,528,本科二批,125619,125896.0,137053,124788,127545,129399,120745,119224,119224
669,669,680,499,464,衢州学院,浙江,理工,94.1,699,本科二批,142613,140418.0,144391,141799,147855,162553,118247,116656,116656
670,670,681,500,465,白城师范学院,吉林,师范,93.6,25,本科二批,179939,178470.0,192193,184345,185877,176425,173111,163055,163055
671,671,682,501,465,吉林工程技术师范学院,吉林,师范,93.6,456,本科二批,187342,187385.0,190631,187213,203316,180543,178298,161742,161742
672,672,683,502,467,湖州学院,浙江,师范,93.5,417,本科二批,250683,248931.0,171656,255937,258045,252414,236337,236337,236337
673,673,684,503,467,淮南师范学院,安徽,师范,93.5,441,本科二批,139525,138767.0,157920,141799,137646,138568,140090,153953,153953
674,674,685,504,467,嘉应学院,广东,综合,93.5,481,本科二批,157749,157390.0,154848,158828,162953,163888,145330,143623,143623
675,675,686,505,467,南阳理工学院,河南,理工,93.5,638,本科二批,95541,124068.0,148869,133199,133227,128060,119499,117948,117948
676,676,687,506,467,营口理工学院,辽宁,理工,93.5,1062,本科二批,151890,151004.0,290800,154550,159888,150408,142717,144846,144846
677,677,688,507,467,南阳理工学院,河南,理工,93.5,639,本科一批,95541,124068.0,93448,93476,94355,97168,97168,97168,97168
678,678,689,785,467,贵州中医药大学,贵州,医药,,240,本科二批,112437,94646.0,128279,104116,149279,91562,96438,93741,81363
679,679,690,655,468,河北金融学院,河北,财经,,304,本科二批,115073,116385.0,122496,113569,117785,145144,86229,78012,75468
680,680,691,508,472,商洛学院,陕西,综合,93.4,764,本科二批,169467,171197.0,187565,174394,179660,180543,153391,150006,150006
681,681,692,509,473,陇东学院,甘肃,师范,92.4,570,本科二批,178445,177431.0,190631,181490,185877,193026,153391,153953,153953
682,682,693,510,474,保定学院,河北,师范,92.3,32,本科二批,143298,144264.0,153381,140403,141960,162553,128280,135713,135713
683,683,694,511,474,苏州城市学院,江苏,综合,92.3,855,本科二批,163251,165215.0,126766,157359,159888,165288,170472,170472,170472
684,684,695,512,476,安康学院,陕西,综合,92.2,18,本科二批,154155,154024.0,184349,154550,158333,154476,149264,147444,147444
685,685,696,513,477,湖南科技学院,湖南,综合,91.7,400,本科二批,119455,118129.0,126766,123435,121907,120408,112073,114216,114216
686,686,697,514,477,山东管理学院,山东,综合,91.7,721,本科二批,114039,112782.0,150381,117811,120507,117903,99938,104424,104424
687,687,698,515,479,贵阳学院,贵州,综合,91.5,228,本科二批,140742,139902.0,173219,143264,144952,137269,137486,142305,142305
688,688,699,516,480,辽宁科技学院,辽宁,理工,91.4,557,本科二批,132785,130246.0,217907,140403,140526,131966,118247,116656,116656
689,689,700,517,481,武夷学院,福建,综合,91.3,948,本科二批,150845,150069.0,181262,153171,156834,158555,134821,133138,133138
690,690,701,518,482,鞍山师范学院,辽宁,师范,91.2,24,本科二批,174148,173601.0,182785,175789,181267,184787,154750,152681,152681
691,691,702,519,483,湘南学院,湖南,理工,91.1,1011,本科二批,123766,125751.0,118136,117811,121907,134604,120745,119224,119224
692,692,703,520,484,六盘水师范学院,贵州,师范,90.9,568,本科二批,169456,168301.0,170142,172921,180543,164009,160352,160352,160352
693,693,704,521,485,河南牧业经济学院,河南,农业,90.7,336,本科二批,167226,166744.0,181262,168670,171994,170826,157415,156507,156507
694,694,705,522,485,平顶山学院,河南,师范,90.7,668,本科二批,177251,175838.0,185975,181490,184336,179170,164009,153953,153953
695,695,707,524,487,贺州学院,广西,综合,90.6,345,本科二批,183358,169883.0,213085,182908,193825,187538,169165,161742,161742
696,696,708,525,487,兰州工业学院,甘肃,理工,90.6,537,本科二批,135950,134965.0,156390,138907,140526,139883,124488,120398,120398
697,697,709,526,489,宁德师范学院,福建,师范,90.5,661,本科二批,164241,163708.0,168671,165842,176534,162553,152038,152681,152681
698,698,710,527,490,池州学院,安徽,师范,90.4,100,本科二批,150231,151594.0,276009,146141,153726,153104,147954,151353,151353
699,699,711,528,491,黔南民族师范学院,贵州,师范,90.2,680,本科二批,182155,181426.0,187565,184345,187430,190262,166587,163055,163055
700,700,712,529,491,太原师范学院,山西,师范,90.2,870,本科二批,130313,131217.0,128279,127600,134658,131966,127030,130602,130602
701,701,713,810,491,中华女子学院,北京,语言,,1181,本科二批,102572,100712.0,115307,108151,107111,104362,90665,81346,74303
702,702,714,530,493,宿州学院,安徽,师范,90.1,861,本科二批,160711,161339.0,216337,158828,161404,162553,160061,146130,146130
703,703,715,531,494,山东石油化工学院,山东,理工,89.8,730,本科二批,195030,191447.0,184349,205778,201696,191652,180995,180995,180995
704,704,716,532,495,海南热带海洋学院,海南,综合,89.7,274,本科二批,136235,135344.0,217907,138907,140526,134604,130905,137044,137044
705,705,717,656,495,山东工商学院,山东,财经,,720,本科二批,110734,107905.0,126766,119222,119172,110417,94127,84704,73170
706,706,718,533,496,黑河学院,黑龙江,综合,89.4,346,本科二批,181000,179406.0,198637,185784,192243,181968,164009,160352,160352
707,707,719,534,496,吉林农业科技学院,吉林,农业,89.4,463,本科二批,163894,161375.0,214734,171454,175024,159838,149264,148755,148755
708,708,720,535,496,辽东学院,辽宁,综合,89.4,547,本科二批,166335,163649.0,229192,174394,175024,163888,152038,144846,144846
709,709,721,536,496,山西大同大学,山西,综合,89.4,740,本科二批,123802,124384.0,126766,122058,121907,125497,125749,129271,129271
710,710,722,537,496,西安航空学院,陕西,理工,89.4,957,本科二批,107616,105632.0,123956,113569,113728,106733,96438,86948,81363
711,711,723,786,496,云南中医药大学,云南,医药,,1079,本科二批,105964,105235.0,119572,108151,109722,114177,91807,93741,85077
712,712,724,823,500,江苏警官学院,江苏,政法,,489,本科二批,99984,98148.0,104040,105494,105793,106733,81919,82440,81363
713,713,725,538,501,陕西学前师范学院,陕西,师范,89.3,760,本科二批,145852,145303.0,147350,147501,178112,133310,124488,143623,143623
714,714,726,539,503,山东农业工程学院,山东,综合,88.8,728,本科二批,144117,141570.0,297990,151757,143428,139883,141401,143623,143623
715,715,727,540,505,怀化学院,湖南,综合,87.9,439,本科二批,143535,144579.0,141361,140403,141960,146450,145330,147444,147444
716,716,728,541,506,新余学院,江西,综合,87.8,1033,本科二批,137718,135870.0,162483,143264,143428,134604,129580,133138,133138
717,717,729,542,507,邵阳学院,湖南,理工,87.7,804,本科二批,132625,134764.0,126766,126208,134658,121682,147954,114216,114216
718,718,730,543,508,楚雄师范学院,云南,师范,87.4,103,本科二批,175972,173181.0,195410,184345,176534,176425,166587,161742,161742
719,719,731,544,508,河南工程学院,河南,理工,87.4,325,本科二批,131929,129604.0,164055,138907,136160,130659,121994,120398,120398
720,720,732,545,510,济宁学院,山东,师范,87.3,475,本科二批,158968,157142.0,171656,164447,168910,155853,146666,144846,144846
721,721,733,546,511,喀什大学,新疆,师范,87.2,522,本科二批,190975,187962.0,205000,200016,201696,193026,169165,163055,163055
722,722,734,824,511,广东警官学院,广东,政法,,191,本科二批,88277,86972.0,89520,92191,91816,88287,80816,75897,73170
723,723,735,547,512,兰州文理学院,甘肃,综合,86.9,541,本科二批,138784,137780.0,151865,141799,147855,133310,132176,138336,138336
724,724,736,548,513,赤峰学院,内蒙古,综合,86.8,101,本科二批,192394,193659.0,208283,188599,206509,179170,195300,160352,160352
725,725,737,549,513,汉江师范学院,湖北,师范,86.8,281,本科二批,164090,167730.0,156390,153171,165929,168099,169165,169165,169165
726,726,738,550,515,伊犁师范大学,新疆,师范,86.7,1058,本科二批,184791,193509.0,203404,200016,208112,187538,184879,163055,163055
727,727,739,551,516,贵州工程应用技术学院,贵州,师范,86.5,233,本科二批,186691,175061.0,189083,187213,226764,151756,146666,137044,137044
728,728,740,552,517,邢台学院,河北,师范,86.4,1038,本科二批,147333,147730.0,170142,146141,155299,150408,137486,142305,142305
729,729,741,553,518,邯郸学院,河北,师范,86.2,279,本科二批,165724,165217.0,201854,167247,171994,186172,137486,137486,137486
730,730,742,554,518,衡水学院,河北,师范,86.2,360,本科二批,164348,164793.0,165585,163015,173485,183409,137486,139691,139691
731,731,743,555,520,晋中学院,山西,师范,86.1,515,本科二批,169045,168683.0,176475,170132,176534,170826,158692,156507,156507
732,732,744,556,521,梧州学院,广西,综合,86.0,922,本科二批,152695,153483.0,156390,150331,155299,157199,147954,151353,151353
733,733,745,557,522,菏泽学院,山东,综合,85.8,344,本科二批,159264,159410.0,168671,158828,158333,159838,160061,152681,152681
734,734,746,558,522,红河学院,云南,综合,85.8,362,本科二批,173374,172098.0,195410,177201,182812,169476,164009,157809,157809
735,735,747,559,524,甘肃民族师范学院,甘肃,师范,85.7,169,本科二批,182405,181759.0,190631,184345,189057,180543,175678,175678,175678
736,736,748,560,525,呼伦贝尔学院,内蒙古,综合,85.6,364,本科二批,186577,184463.0,203404,192920,193825,191652,167915,147444,147444
737,737,749,561,527,湖南人文科技学院,湖南,师范,84.8,407,本科二批,144754,146205.0,230786,140403,149279,155853,133484,143623,143623
738,738,750,562,528,新乡学院,河南,理工,84.6,1029,本科二批,110869,165027.0,193798,171454,175024,166668,153391,146130,146130
739,739,751,563,528,新乡学院,河南,理工,84.6,1030,本科一批,110869,165027.0,111038,110870,110870,110870,110870,110870,110870
740,740,752,789,528,河北北方学院,河北,医药,,292,本科二批,93203,92241.0,118136,96089,89282,105524,81919,75897,75897
741,741,753,564,530,百色学院,广西,综合,84.2,26,本科二批,191120,194330.0,185975,181490,185877,198558,198558,198558,198558
742,742,754,565,531,沧州师范学院,河北,师范,83.9,82,本科二批,166149,166717.0,164055,164447,170400,173642,156110,152681,152681
743,743,755,566,532,景德镇学院,江西,综合,83.6,519,本科二批,176252,177363.0,167136,172921,228295,151756,152038,146130,146130
744,744,756,567,533,福建技术师范学院,福建,师范,83.4,149,本科二批,204296,204296.0,185975,204297,204297,204297,204297,204297,204297
745,745,757,568,533,赣南科技学院,江西,理工,83.4,177,本科二批,209297,209500.0,176475,208687,211300,220635,196567,196567,196567
746,746,758,569,533,荆楚理工学院,湖北,理工,83.4,516,本科二批,131577,132456.0,139904,128942,133227,131966,132176,120398,120398
747,747,759,790,535,牡丹江医学院,黑龙江,医药,,586,本科二批,124565,127291.0,221117,116385,113728,138568,129580,91462,80151
748,748,760,570,537,安阳工学院,河南,理工,83.2,21,本科二批,193320,194176.0,197054,174394,176534,170826,235169,137044,137044
749,749,762,572,538,阿坝师范学院,四川,师范,82.8,0,本科二批,188074,189317.0,185975,184345,187430,190262,190262,190262,190262
750,750,763,573,538,信阳农林学院,河南,农业,82.8,1034,本科二批,184669,183821.0,195410,187213,192243,184787,174435,161742,161742
751,751,764,574,540,巢湖学院,安徽,师范,82.6,88,本科二批,135752,134700.0,297990,138907,134658,137269,132176,129271,129271
752,752,765,575,541,河北民族师范学院,河北,师范,82.5,308,本科二批,172831,173291.0,292189,171454,189057,168099,162718,156507,156507
753,753,766,576,542,桂林航天工业学院,广西,理工,82.3,245,本科二批,126591,124388.0,150381,133199,131781,126800,114586,111724,111724
754,754,767,577,543,长治学院,山西,师范,82.2,1108,本科二批,164916,164608.0,162483,165842,165929,163888,164009,153953,153953
755,755,768,578,544,河池学院,广西,综合,81.0,318,本科二批,178582,177140.0,225988,182908,184336,179170,167915,160352,160352
756,756,769,579,545,河北环境工程学院,河北,综合,80.9,302,本科二批,141918,141958.0,179665,141799,141960,143825,140090,147444,147444
757,757,770,580,546,张家口学院,河北,综合,80.7,1082,本科二批,157151,158950.0,162483,151757,165929,188928,121994,120398,120398
758,758,771,581,547,湖南工学院,湖南,理工,80.6,395,本科二批,113245,111253.0,126766,119222,113728,111672,108360,104424,104424
759,759,772,825,547,四川警察学院,四川,政法,,844,本科二批,134592,134592.0,126766,134593,134593,134593,134593,134593,134593
760,760,773,582,548,河南工学院,河南,理工,80.5,326,本科二批,172565,171490.0,185975,175789,178112,173642,162718,163055,163055
761,761,774,791,548,上海健康医学院,上海,医药,,781,本科一批,87816,91786.0,85633,75906,83314,96023,96023,96023,96023
762,762,775,583,549,兴义民族师范学院,贵州,师范,80.0,1039,本科二批,179606,179942.0,198637,178596,185877,184787,169165,163055,163055
763,763,776,584,550,绥化学院,黑龙江,综合,79.8,862,本科二批,180048,178136.0,192193,185784,193825,179170,161415,156507,156507
764,764,777,585,551,温州理工学院,浙江,师范,79.2,914,本科二批,233082,235102.0,159463,227021,238977,243429,222903,222903,222903
765,765,778,657,552,广西财经学院,广西,财经,,202,本科二批,121886,122298.0,129750,120651,124682,150408,91807,85827,81363
766,766,779,586,554,长沙师范学院,湖南,师范,78.8,1105,本科二批,136327,135940.0,134151,137488,149279,129271,129271,129271,129271
767,767,780,587,555,枣庄学院,山东,综合,78.1,1081,本科二批,177554,177316.0,192193,175789,179660,206814,147954,144846,144846
768,768,781,588,555,郑州工程技术学院,河南,理工,78.1,1139,本科二批,168579,168062.0,173219,170132,171994,169476,162718,163055,163055
769,769,782,589,557,运城学院,山西,师范,77.9,1080,本科二批,159717,160013.0,229192,158828,161404,163888,154750,153953,153953
770,770,783,590,558,文山学院,云南,师范,76.9,919,本科二批,186182,177947.0,192193,195845,193825,199851,155209,155209,155209
771,771,784,591,559,吕梁学院,山西,师范,76.3,577,本科二批,180786,180551.0,184349,181490,187430,188928,165297,157809,157809
772,772,785,792,559,齐齐哈尔医学院,黑龙江,医药,,679,本科二批,116511,115608.0,198637,119222,119172,121682,105972,104424,76618
773,773,786,592,560,新疆工程学院,新疆,理工,75.5,1019,本科二批,188387,186876.0,251493,192920,198658,187538,174435,159073,159073
774,774,787,593,561,普洱学院,云南,师范,75.1,672,本科二批,186127,185303.0,201854,188599,192243,194502,169165,163055,163055
775,775,788,594,562,萍乡学院,江西,综合,73.2,670,本科二批,180967,180321.0,190631,182908,189057,197157,154750,156507,156507
776,776,789,595,563,集宁师范学院,内蒙古,师范,72.6,473,本科二批,193346,195390.0,190631,187213,189057,198558,198558,198558,198558
777,777,790,596,564,滇西科技师范学院,云南,师范,72.2,125,本科二批,186678,182165.0,189083,200217,181968,182265,182265,182265,182265
778,778,791,793,564,右江民族医学院,广西,医药,,1063,本科二批,127776,127885.0,229192,101503,113728,184787,85142,89200,77740
779,779,792,597,565,太原工业学院,山西,理工,71.8,866,本科二批,117506,116458.0,141361,120651,121907,119108,108360,107956,107956
780,780,793,598,566,新疆理工学院,新疆,综合,71.7,1021,本科二批,230011,236645.0,206643,210109,280520,215061,214356,214356,214356
781,781,794,599,567,广西科技师范学院,广西,师范,71.5,207,本科二批,181015,180856.0,181262,181490,197053,175046,170472,170472,170472
782,782,795,600,568,昭通学院,云南,师范,71.2,1110,本科二批,186514,190090.0,200256,175789,181267,194502,194502,194502,194502
783,783,796,601,569,忻州师范学院,山西,师范,71.1,1015,本科二批,162208,162877.0,189083,160203,164407,169476,154750,153953,153953
784,784,798,603,571,昌吉学院,新疆,师范,70.1,83,本科二批,201704,200346.0,217907,205778,229909,187538,183594,163055,163055
785,785,799,794,571,山西中医药大学,山西,医药,,752,本科二批,53045,102971.0,126766,108151,105793,105524,97599,84704,84704
786,786,800,795,571,山西中医药大学,山西,医药,,753,本科一批,53045,102971.0,43977,47088,51294,56901,56901,56901,56901
787,787,801,604,572,琼台师范学院,海南,师范,69.8,696,本科二批,168173,170830.0,162483,160203,167432,168099,176960,176960,176960
788,788,802,605,573,鄂尔多斯应用技术学院,内蒙古,综合,69.3,145,本科二批,191791,192376.0,213085,190039,193825,191652,191652,191652,191652
789,789,803,606,574,黑龙江工业学院,黑龙江,理工,68.2,355,本科二批,183420,182155.0,200256,187213,192243,188928,165297,150006,150006
790,790,804,607,575,新疆政法学院,新疆,综合,66.9,1028,本科二批,259952,259952.0,208283,259953,259953,259953,259953,259953,259953
791,791,805,608,576,山西能源学院,山西,综合,64.9,746,本科二批,177535,178118.0,190631,175789,179660,175046,179649,179649,179649
792,792,806,609,577,赣东学院,江西,理工,64.2,176,本科二批,202572,199609.0,181262,211459,212792,198558,187480,187480,187480
793,793,807,610,578,河套学院,内蒙古,综合,64.1,342,本科二批,194961,195152.0,189083,194389,201696,183409,200354,200354,200354
794,794,808,611,579,亳州学院,安徽,师范,63.6,79,本科二批,181638,182189.0,184349,179984,204917,170826,170826,170826,170826
795,795,809,612,580,豫章师范学院,江西,师范,62.1,1067,本科二批,179969,180891.0,176475,177201,184336,179170,179170,179170,179170
796,796,810,613,581,山西工程技术学院,山西,理工,61.9,742,本科二批,149673,145226.0,206643,163015,147855,147736,140090,146130,146130
797,797,811,614,582,太原学院,山西,理工,58.2,871,本科二批,139544,139757.0,147350,138907,141960,142492,134821,131857,131857
798,798,812,695,588,哈尔滨体育学院,黑龙江,体育,,264,本科二批,204749,205852.0,211482,201440,209699,186172,221686,143623,143623
799,799,813,826,588,山东政法学院,山东,政法,,735,本科二批,88265,102848.0,109592,105494,103209,119108,86229,74886,76618
800,800,814,658,598,福建江夏学院,福建,财经,,150,本科二批,127605,127607.0,142881,127600,129013,128060,125749,106749,106749
801,801,815,659,600,贵州商学院,贵州,财经,,236,本科二批,153648,151921.0,217907,158828,159888,154476,141401,148755,148755
802,802,816,660,600,桂林旅游学院,广西,财经,,249,本科二批,180978,175272.0,214734,182908,190661,191652,158692,157809,157809
803,803,817,661,600,哈尔滨金融学院,黑龙江,财经,,259,本科二批,147515,144701.0,165585,155958,162953,150408,120745,102018,82619
804,804,818,662,600,河南财政金融学院,河南,财经,,321,本科二批,151082,150857.0,164055,151757,156834,150408,145330,152681,152681
805,805,819,663,600,湖南财政经济学院,湖南,财经,,389,本科二批,110967,113251.0,113880,104116,104489,104362,130905,72807,65220
806,806,820,664,600,吉林工商学院,吉林,财经,,457,本科二批,159616,159878.0,176475,158828,197053,150408,132176,119224,119224
807,807,821,665,600,嘉兴南湖学院,浙江,财经,,479,本科二批,242403,242185.0,165585,247757,250790,266423,209343,209343,209343
808,808,822,666,600,铜陵学院,安徽,财经,,904,本科二批,131514,132417.0,284988,135998,139124,139883,118247,116656,116656
809,809,823,667,600,武汉商学院,湖北,财经,,941,本科二批,108555,108227.0,113880,109540,107111,109212,108360,104424,104424
810,810,824,668,600,新疆科技学院,新疆,财经,,1020,本科二批,234435,241140.0,208283,214321,259513,243429,220481,220481,220481
811,811,825,796,600,长治医学院,山西,医药,,1109,本科二批,118616,113089.0,94763,98716,99361,110417,127030,78012,68584
812,812,826,797,600,甘肃医学院,甘肃,医药,,171,本科二批,99890,99352.0,112446,101503,103209,93772,101077,101077,101077
813,813,827,798,600,湖南医药学院,湖南,医药,,412,本科二批,111845,120229.0,113880,94834,101963,154476,86229,90348,80151
814,814,828,799,600,吉林医药学院,吉林,医药,,467,本科二批,119149,115020.0,189083,117811,115107,116652,127030,84704,77740
815,815,829,800,600,南昌医学院,江西,医药,,598,本科二批,181202,188660.0,118136,158828,259513,141173,165297,165297,165297
816,816,830,801,600,内蒙古科技大学包头医学院,内蒙古,医药,,651,本科二批,121918,120488.0,154848,126208,124682,143825,92959,89200,77740
817,817,831,802,600,新疆第二医学院,新疆,医药,,1018,本科二批,189247,195055.0,134151,174394,192243,204059,188865,188865,188865
818,818,832,811,600,呼和浩特民族学院,内蒙古,语言,,363,本科二批,204874,181899.0,206643,195845,256652,183409,183594,163055,163055
819,819,833,812,600,湖南女子学院,湖南,语言,,406,本科二批,139260,139248.0,156390,146141,152213,135954,129580,148755,148755
820,820,834,827,600,福建警察学院,福建,政法,,151,本科二批,146841,150455.0,137053,135998,147855,151756,151756,151756,151756
821,821,835,828,600,广西警察学院,广西,政法,,205,本科二批,178595,178595.0,150381,178596,178596,178596,178596,178596,178596
822,822,836,829,600,贵州警察学院,贵州,政法,,234,本科二批,159896,165928.0,131200,141799,165929,165929,165929,165929,165929
823,823,837,830,600,吉林警察学院,吉林,政法,,461,本科二批,135075,137567.0,125339,127600,141960,138568,132176,135713,135713
824,824,838,831,600,云南警官学院,云南,政法,,1072,本科二批,118288,117501.0,118136,120651,115107,116652,120745,110437,110437
