,2021rank,name,省市,学校类型,总得分,Unnamed: 0,batch,2021,2020,2019,2018,2017,2016,2015
0,1,清华大学,北京,综合,969.2,695,本科一批,83,87,83,88,89,76,72
1,2,北京大学,北京,综合,855.3,41,本科一批,111,107,96,95,103,84,77
2,3,浙江大学,浙江,综合,768.7,1117,本科一批,383,556,496,431,526,486,530
3,4,上海交通大学,上海,综合,723.4,782,本科一批,203,197,194,207,336,150,169
4,5,南京大学,江苏,综合,654.8,607,本科一批,836,705,781,664,730,856,994
5,6,复旦大学,上海,综合,649.7,167,本科一批,227,298,173,230,417,232,243
6,7,中国科学技术大学,安徽,理工,577,1159,本科一批,716,627,574,564,776,735,761
7,8,华中科技大学,湖北,综合,574.3,436,本科一批,2928,3612,3641,3598,4032,3860,4036
8,9,武汉大学,湖北,综合,567.9,928,本科一批,3618,4347,4241,3421,16897,3313,3346
9,10,西安交通大学,陕西,综合,537.9,960,本科一批,2928,2546,2783,1863,2030,2018,1912
10,11,哈尔滨工业大学,黑龙江,理工,522.6,253,本科一批,3232,3375,4651,6498,3028,2827,2379
11,12,中山大学,广东,综合,519.3,1187,本科一批,5586,7026,5342,3421,3873,3682,4234
13,14,四川大学,四川,综合,516.6,838,本科一批,6374,6356,6877,5559,6655,6585,7172
14,15,北京航空航天大学,北京,理工,513.8,50,本科一批,1046,1159,1275,1146,4722,1148,1200
15,16,同济大学,上海,理工,508.3,903,本科一批,1730,1521,1275,1386,1417,1498,1368
16,17,东南大学,江苏,综合,488.1,142,本科一批,4219,4347,4651,3960,4346,4259,4234
17,18,中国人民大学,北京,综合,487.8,1170,本科一批,1290,848,1115,794,889,790,814
18,19,北京理工大学,北京,理工,474,56,本科一批,2055,2065,2638,2928,3561,3138,3195
19,20,南开大学,天津,综合,465.3,631,本科一批,1945,1919,2358,1570,1684,1714,1623
20,21,山东大学,山东,综合,447,716,本科一批,7501,7724,8715,8141,10654,7409,6917
21,22,天津大学,天津,理工,444.3,880,本科一批,4022,4594,4436,4329,4917,4654,4234
22,23,中南大学,湖南,综合,442.2,1183,本科一批,9454,34290,7166,6759,7688,7409,7172
23,24,吉林大学,吉林,综合,435.7,454,本科一批,11699,11437,10464,11400,15197,10460,10915
24,25,西北工业大学,陕西,理工,430.5,980,本科一批,5586,6356,7457,6000,6157,5827,6391
25,26,厦门大学,福建,综合,427.8,708,本科一批,4632,5463,5104,4531,4523,3860,4036
26,27,华南理工大学,广东,理工,419.8,431,本科一批,5865,7026,5572,4531,4917,4654,4623
27,28,大连理工大学,辽宁,理工,418.2,116,本科一批,9067,9274,8715,7555,8813,6071,6391
28,29,华东师范大学,上海,师范,401.8,429,本科一批,4428,6046,5572,5348,5925,6071,7172
29,30,中国农业大学,北京,农业,400.4,1169,本科一批,11294,12396,22024,13715,10306,9806,10560
30,31,电子科技大学,四川,理工,398.8,127,本科一批,4219,4594,4877,5348,6409,6071,7172
31,32,湖南大学,湖南,综合,393.5,391,本科一批,9067,9653,11615,8451,8250,7971,8350
32,33,北京科技大学,北京,理工,379.4,54,本科一批,12135,11437,10848,10013,9372,8536,8640
33,34,重庆大学,重庆,综合,365.5,1196,本科一批,7791,8089,7757,6996,7688,7409,8065
34,35,南京航空航天大学,江苏,理工,358.6,611,本科一批,11294,12897,27764,9681,9098,8536,8965
35,36,东北大学,辽宁,理工,356.1,131,本科一批,10919,11903,12858,12496,12392,11526,12020
36,37,南京理工大学,江苏,理工,356,613,本科一批,12135,11437,10464,10714,10306,9806,10212
37,38,西安电子科技大学,陕西,理工,355.1,952,本科一批,8421,8491,8715,9354,10654,10122,10915
38,39,兰州大学,甘肃,综合,353.4,535,本科一批,12135,12897,14189,13303,14743,11526,12020
39,40,北京交通大学,北京,理工,349.9,53,本科一批,12135,12396,9020,7555,7688,7677,7763
40,42,华中农业大学,湖北,农业,338.5,437,本科一批,28109,31039,27095,27041,26681,27849,28940
41,43,上海大学,上海,综合,333,770,本科一批,13845,12897,12015,11400,11306,11908,13222
42,44,苏州大学,江苏,综合,327,856,本科一批,13845,14443,13279,12100,14358,12323,12809
43,45,华东理工大学,上海,理工,324.5,428,本科一批,12952,12897,12015,10013,9372,9470,9571
44,46,华中师范大学,湖北,师范,322,438,本科一批,14309,14936,14629,14133,13549,13858,14537
45,47,南京师范大学,江苏,师范,321.3,620,本科一批,16166,18475,16048,15862,16479,18364,21030
46,48,中国地质大学（武汉）,湖北,理工,320.2,1155,本科一批,21866,21581,19118,19586,19244,19367,19429
47,49,东北师范大学,吉林,师范,319.7,136,本科一批,25226,28686,27095,51463,25007,27217,26321
48,50,哈尔滨工程大学,黑龙江,理工,319,252,本科一批,16706,17277,18059,16314,17781,15165,15885
49,51,西南交通大学,四川,理工,318,999,本科一批,16706,14936,18059,20067,13161,13116,12809
50,52,南京农业大学,江苏,农业,316.1,617,本科一批,27341,27959,27764,27642,26681,27217,27001
51,53,郑州大学,河南,综合,312.8,1138,本科一批,23896,24312,24522,23432,22210,23072,22155
52,54,北京邮电大学,北京,理工,312.5,71,本科一批,5337,5463,5342,5348,5119,4881,4817
53,55,武汉理工大学,湖北,理工,312.2,938,本科一批,15229,15517,14189,13303,13161,12323,12381
54,56,中国海洋大学,山东,综合,311,1156,本科一批,12534,12396,13279,12100,12774,11152,11618
55,57,暨南大学,广东,综合,307.4,477,本科一批,15697,16139,21457,14591,13549,12323,11618
56,58,中国石油大学（北京）,北京,理工,307.3,1175,本科一批,20081,19649,20850,20067,18740,17427,14962
57,59,北京工业大学,北京,理工,306,48,本科一批,12952,12897,11615,11056,12032,11908,12809
58,60,河海大学,江苏,理工,303.4,319,本科一批,17797,18475,15554,14591,14743,14274,14962
59,61,中国矿业大学,江苏,理工,301.6,1161,本科一批,25226,26493,31251,24015,29156,24758,23903
60,62,北京化工大学,北京,理工,296.7,51,本科一批,18358,16139,14629,13715,13936,13858,14104
61,63,中国地质大学（北京）,北京,理工,295.5,1154,本科一批,25941,26493,18563,17669,17781,16037,15418
62,64,西北大学,陕西,综合,293,979,本科一批,16706,16698,16048,16314,16897,16498,17326
63,65,江南大学,江苏,综合,292.9,483,本科一批,22560,22973,16048,15444,16049,16498,17326
64,67,中国石油大学（华东）,山东,理工,287.4,1177,本科一批,28109,25056,25153,25779,26093,24194,22155
65,68,西南大学,重庆,综合,286.5,998,本科一批,17797,19649,16510,21709,18740,20370,21585
66,69,中国矿业大学（北京）,北京,理工,285.5,1162,本科一批,24547,22973,21457,22262,19731,19848,19945
67,70,深圳大学,广东,综合,280.4,807,本科一批,16706,17857,12858,13715,13936,15596,17326
68,71,陕西师范大学,陕西,师范,280.1,759,本科一批,24547,22973,20281,22847,22754,24758,25115
69,72,江苏大学,江苏,综合,276.9,484,本科一批,52925,34290,31945,28227,26093,26585,26321
70,73,浙江工业大学,浙江,理工,275.6,1120,本科一批,29573,33477,27764,24015,23848,25354,25115
71,74,北京林业大学,北京,林业,275,61,本科一批,28109,40431,19118,17190,17352,16963,18345
72,75,华南师范大学,广东,师范,274.7,434,本科一批,17797,20308,18059,19097,21699,20871,22707
73,76,西北农林科技大学,陕西,农业,273.7,983,本科一批,25226,25751,27095,27041,25533,24758,25115
74,77,扬州大学,江苏,综合,269.5,1054,本科一批,42114,78357,31945,31384,29156,29719,27645
75,78,南昌大学,江西,综合,268.9,587,本科一批,23896,25751,28476,25200,21699,22540,21585
76,79,福州大学,福建,理工,267.7,160,本科一批,26645,22276,20281,17669,17352,17427,19429
77,80,华北电力大学,北京,理工,263.2,418,本科一批,13376,13884,13279,12912,16049,10122,10915
78,81,东华大学,上海,理工,262.8,140,本科一批,16166,16698,15084,13715,13549,13858,14537
79,82,合肥工业大学,安徽,理工,262.7,288,本科一批,21866,21581,23893,18611,19731,16963,16829
80,83,云南大学,云南,综合,262.1,1069,本科一批,26645,25751,25153,30752,24410,24758,25115
81,84,宁波大学,浙江,综合,261.4,657,本科一批,29573,31039,28476,28227,48116,29719,29617
82,85,首都师范大学,北京,师范,261.1,833,本科一批,25941,22276,20281,22847,24410,25354,25738
83,86,湖南师范大学,湖南,师范,259.6,409,本科一批,24547,25056,23239,24015,24410,25354,25115
84,87,南京工业大学,江苏,理工,259.5,609,本科一批,43977,31866,30538,30122,28512,27849,27001
85,88,长安大学,陕西,理工,250.2,1083,本科一批,23896,25751,25787,20067,18740,16498,16357
86,89,福建师范大学,福建,师范,248.2,156,本科一批,43027,46111,44724,40745,42570,45451,45373
87,90,安徽大学,安徽,综合,243.1,2,本科一批,25226,22973,22024,22847,21699,22540,22155
88,91,南京信息工程大学,江苏,理工,240.9,625,本科一批,29573,27959,26424,28227,29805,29092,28940
89,92,上海理工大学,上海,理工,240.7,784,本科一批,28854,27221,26424,24624,22210,23072,22707
90,93,华南农业大学,广东,农业,238.3,432,本科一批,48861,45122,44724,40745,41026,42986,41898
91,94,广西大学,广西,综合,237,204,本科一批,28109,28686,28476,28227,31818,29092,28940
92,95,南京邮电大学,江苏,理工,235.7,628,本科一批,24547,17857,18059,30122,20210,20871,22155
93,95,燕山大学,河北,理工,235.7,1052,本科一批,35958,37744,40404,27642,28512,25354,25115
94,97,河南大学,河南,综合,234.6,324,本科一批,36819,37744,40404,39974,41790,39011,37776
95,98,湖北大学,湖北,综合,232.9,365,本科一批,43027,37744,37938,32011,30474,31811,32477
96,99,广州大学,广东,综合,232.7,219,本科一批,40304,35994,34852,29486,29156,29719,29617
97,100,青岛大学,山东,综合,231.4,683,本科一批,41207,45122,69714,28227,27863,28432,28267
98,101,湘潭大学,湖南,综合,229.9,1012,本科一批,37676,42274,76393,31384,29805,29719,29617
99,102,广东工业大学,广东,理工,229.6,186,本科一批,40304,40431,31251,31384,30474,31811,31751
100,103,浙江师范大学,浙江,师范,229.2,1128,本科一批,47907,106820,36336,37053,41026,39011,39373
101,104,大连海事大学,辽宁,理工,228.4,111,本科一批,25941,29485,90542,22847,20716,19367,20472
102,105,上海师范大学,上海,师范,227.3,790,本科一批,43977,35994,34124,31384,31818,33816,33947
103,106,杭州电子科技大学,浙江,理工,226.9,283,本科一批,24547,21581,20281,21709,22210,23657,24496
104,107,武汉科技大学,湖北,理工,226.6,937,本科一批,32664,34290,31945,31384,26681,26585,25738
105,108,南京林业大学,江苏,林业,225.3,616,本科一批,42114,37744,36336,34859,50536,36750,36982
106,109,河北工业大学,天津,理工,223.8,301,本科一批,19481,19083,18059,26389,18265,17427,18345
107,109,山东师范大学,山东,师范,223.8,729,本科一批,52925,43222,43018,40745,44062,46232,49040
108,111,浙江理工大学,浙江,理工,221.8,1124,本科一批,37676,32658,29151,27642,26681,27849,27645
109,112,山西大学,山西,综合,221,741,本科一批,48861,43222,79803,36312,37276,38238,36982
110,113,太原理工大学,山西,理工,219.8,869,本科一批,25226,25056,28476,25200,25007,24758,23903
111,114,东北林业大学,黑龙江,林业,218.9,134,本科一批,33462,33477,35574,36312,38770,39011,38616
112,115,河北大学,河北,综合,217,293,本科一批,43027,48117,57178,39257,39472,39774,37776
113,116,东北农业大学,黑龙江,农业,216.3,135,本科一批,37676,38611,42168,42341,44062,43820,43618
114,117,江西师范大学,江西,师范,215.5,506,本科一批,49827,50132,50338,67520,67520,67520,67520
115,117,西安建筑科技大学,陕西,理工,215.5,958,本科一批,39420,45122,31945,28843,27258,30395,28940
116,119,杭州师范大学,浙江,师范,215.2,285,本科一批,40304,34290,34852,34859,36597,39774,40216
117,120,内蒙古大学,内蒙古,综合,214.9,644,本科一批,38526,42274,55105,48886,39472,39774,36139
118,121,福建农林大学,福建,农业,214,152,本科二批,145875,124788,130391,120408,114586,121631,121631
119,121,福建农林大学,福建,农业,214,153,本科一批,80734,87025,53206,52387,53804,52155,56764
120,122,江苏师范大学,江苏,师范,213.4,493,本科二批,104040,89567,88095,88287,83016,76938,74303
121,123,西安理工大学,陕西,理工,213.2,965,本科一批,31893,32658,33407,34113,28512,27849,26321
122,124,辽宁大学,辽宁,综合,212.6,550,本科一批,26645,26493,27764,27041,25007,24194,23903
123,125,北京建筑大学,北京,理工,210.8,52,本科一批,40304,41377,33407,32011,29805,29092,25115
124,126,安徽师范大学,安徽,师范,210.5,11,本科一批,51895,52176,53206,69535,69535,69535,69535
125,127,河南师范大学,河南,师范,210.4,338,本科二批,144391,137488,147855,142492,105972,103213,103213
126,127,河南师范大学,河南,师范,210.4,339,本科一批,70771,69982,76393,76578,73470,62030,59871
127,128,长沙理工大学,湖南,理工,209.5,1103,本科一批,41207,35994,34852,31384,30474,31811,31751
128,129,昆明理工大学,云南,理工,206.7,525,本科一批,48861,42274,40404,40745,40222,41335,46332
129,129,新疆大学,新疆,综合,206.7,1017,本科一批,43027,50132,55105,55962,66578,59235,57764
130,131,汕头大学,广东,综合,206.4,763,本科一批,46947,55355,30538,28227,26681,23657,22707
131,132,西南石油大学,四川,理工,206,1006,本科一批,38526,39525,43018,43915,48116,48733,59871
132,133,山东科技大学,山东,综合,204.5,725,本科一批,44925,47088,42168,39257,34502,33816,31751
133,134,河南农业大学,河南,农业,204.3,337,本科一批,104040,100103,101963,98319,87270,92622,82619
134,135,贵州大学,贵州,综合,201.7,231,本科一批,27341,27959,29841,38484,27258,27217,27645
135,136,华侨大学,福建,综合,201.4,435,本科一批,49827,51170,60165,34859,34502,33816,33222
136,137,河北师范大学,河北,师范,201.1,310,本科一批,61408,59698,58177,72572,72572,72572,72572
137,138,黑龙江大学,黑龙江,综合,201,349,本科二批,119572,98716,93105,97168,116990,79105,73170
138,138,黑龙江大学,黑龙江,综合,201,350,本科一批,57047,55355,51294,51463,56437,68889,68889
139,138,中国计量大学,浙江,理工,201,1157,本科一批,97392,32658,33407,31384,31135,34544,35398
140,140,陕西科技大学,陕西,理工,198.6,756,本科一批,43977,45122,44724,39257,35870,35978,35398
141,141,沈阳农业大学,辽宁,农业,196.8,823,本科一批,101319,90901,93105,77679,73470,68889,80151
142,142,天津师范大学,天津,师范,196.5,891,本科一批,43977,42274,45612,37772,38770,39011,39373
143,143,湖北工业大学,湖北,理工,196.3,371,本科一批,45897,40431,37938,39974,41026,41335,42781
144,144,海南大学,海南,综合,196.2,271,本科二批,79430,78357,82193,77679,77638,72807,72028
145,144,海南大学,海南,综合,196.2,272,本科一批,30319,31039,33407,42341,33844,33816,33222
146,145,济南大学,山东,综合,195.4,474,本科一批,45897,44162,43018,38484,38034,38238,40216
147,146,山东农业大学,山东,农业,194.7,727,本科一批,88238,104116,104116,104116,104116,104116,104116
148,147,温州大学,浙江,综合,194.6,912,本科二批,97392,94834,82193,72572,70430,62030,55771
149,147,常州大学,江苏,理工,194.6,85,本科一批,116712,49113,48470,47211,47284,46998,41898
150,149,重庆邮电大学,重庆,理工,193.7,1217,本科一批,25941,28686,27764,24624,23848,25979,27001
151,150,齐鲁工业大学,山东,理工,192.6,673,本科一批,68314,72367,85649,85649,85649,85649,85649
152,151,曲阜师范大学,山东,师范,189.8,697,本科一批,61408,64188,73020,85035,85035,85035,85035
153,152,武汉工程大学,湖北,理工,188.6,932,本科一批,39420,40431,40404,39257,41026,40557,41066
154,153,湖南农业大学,湖南,农业,187.9,404,本科一批,70771,75906,108397,75582,51363,51256,52958
155,154,天津工业大学,天津,理工,187.4,881,本科一批,28854,30260,31251,32759,34502,34544,33222
156,155,安徽农业大学,安徽,农业,187,8,本科二批,263892,104116,103209,105524,98741,102018,102018
157,155,安徽农业大学,安徽,农业,187,9,本科一批,85633,102795,102795,102795,102795,102795,102795
158,156,江苏科技大学,江苏,理工,186.8,490,本科一批,47907,54281,104489,36312,33844,33120,32477
159,157,浙江农林大学,浙江,林业,186,1126,本科一批,59195,61893,81012,81012,81012,81012,81012
160,158,北方工业大学,北京,理工,185.7,34,本科一批,35958,35994,30538,30752,29805,28432,28267
161,159,广西师范大学,广西,师范,184.7,210,本科二批,109592,104116,88095,94885,89544,94891,94891
162,160,吉林农业大学,吉林,农业,184.4,462,本科二批,147350,130372,121907,116652,116990,117948,117948
163,161,青岛科技大学,山东,理工,183.8,687,本科一批,49827,52176,60165,37053,34502,33816,32477
164,162,西北师范大学,甘肃,师范,183.3,984,本科二批,119572,104116,100680,106733,92959,99611,99611
165,162,四川农业大学,四川,农业,183.3,847,本科一批,34265,36876,42168,39974,42570,42986,44499
166,162,西北师范大学,甘肃,师范,183.3,985,本科一批,63644,60827,64379,85035,85035,85035,85035
167,164,南通大学,江苏,综合,183.1,635,本科一批,46947,46111,47516,43166,47284,42986,41066
168,165,石河子大学,新疆,综合,182.8,828,本科一批,54949,59698,62311,56901,55546,49591,50008
169,166,上海海洋大学,上海,农业,182.5,779,本科一批,40304,38611,42168,53254,42570,41335,40216
170,167,三峡大学,湖北,综合,179.8,705,本科一批,54949,48117,48470,48043,46474,44640,44499
171,168,安徽工业大学,安徽,理工,178.6,4,本科一批,63644,64188,61214,45525,45681,43820,43618
172,169,河南理工大学,河南,理工,177.7,335,本科一批,92075,90901,90542,88287,80816,68889,59871
173,170,宁夏大学,宁夏,综合,176.4,662,本科一批,35077,40431,47516,47211,34502,35224,36139
174,171,西安科技大学,陕西,理工,175,963,本科一批,43027,35994,34852,33449,29805,29719,29617
175,172,上海海事大学,上海,理工,174.6,778,本科一批,42114,37744,40404,32759,29156,29092,28940
176,173,成都理工大学,四川,理工,174.2,92,本科一批,28854,29485,31945,31384,31818,33816,34642
177,174,南昌航空大学,江西,理工,173.7,593,本科一批,61408,58573,43868,37772,36597,37460,38616
178,175,长春理工大学,吉林,理工,172.7,1094,本科一批,48861,43222,48470,41539,36597,36750,38616
179,176,辽宁师范大学,辽宁,师范,172.5,559,本科二批,115307,94834,95599,99507,86229,76938,72028
180,177,西南科技大学,四川,理工,172.1,1001,本科一批,53926,50132,49387,48043,48116,46232,43618
181,178,河北农业大学,河北,农业,171.9,309,本科二批,121053,114968,108397,115409,96438,99611,99611
182,179,中北大学,山西,理工,171.7,1152,本科一批,46947,44162,47516,43915,44856,42986,59871
183,180,青海大学,青海,综合,171.6,691,本科一批,42114,43222,46572,43166,45681,43820,42781
184,181,集美大学,福建,综合,170.7,471,本科一批,51895,48117,48470,37772,35870,36750,36982
185,182,武汉纺织大学,湖北,理工,170.4,930,本科一批,64821,55355,53206,56901,61855,70854,70854
186,183,天津理工大学,天津,理工,170.3,883,本科二批,106846,94834,88287,56631,51955,51955,51955
187,183,天津理工大学,天津,理工,170.3,884,本科一批,43977,44162,53206,32759,31818,31071,31055
188,184,四川师范大学,四川,师范,170.1,850,本科一批,44925,44162,45612,46358,51363,63017,63017
189,185,云南师范大学,云南,师范,169.6,1075,本科二批,105431,93476,96807,97168,88395,90348,90348
190,185,浙江海洋大学,浙江,农业,169.6,1122,本科二批,123956,98716,94355,92631,84084,78012,82619
191,187,天津科技大学,天津,理工,169.5,882,本科一批,51895,49113,43868,44734,43306,38238,36982
192,188,湖南科技大学,湖南,综合,169.4,398,本科一批,99984,44162,43868,42341,42570,42144,40216
193,189,重庆交通大学,重庆,理工,169.1,1204,本科一批,47907,46111,43868,36312,35233,35224,35398
194,190,长江大学,湖北,综合,168.4,1099,本科一批,102673,54281,55105,52387,52986,55755,42781
195,191,兰州理工大学,甘肃,理工,168.1,540,本科一批,66016,66467,74158,88287,88287,88287,88287
196,191,山东理工大学,山东,理工,168.1,726,本科一批,97392,52176,48470,48043,52986,46332,46332
197,193,烟台大学,山东,综合,167,1043,本科二批,108202,98716,91816,85035,80816,63017,53890
198,193,安徽理工大学,安徽,理工,167,7,本科一批,61408,59698,63318,64596,43306,39774,38616
199,195,大连工业大学,辽宁,理工,165.9,109,本科一批,60300,59698,63318,75582,75582,75582,75582
200,196,沈阳师范大学,辽宁,师范,165.5,824,本科二批,145875,123435,134658,115409,124488,111724,111724
201,196,哈尔滨理工大学,黑龙江,理工,165.5,260,本科一批,58092,50132,51294,52387,55546,63936,63936
202,198,延边大学,吉林,综合,165.4,1048,本科一批,37676,40431,45612,60743,26093,30395,27645
203,199,内蒙古农业大学,内蒙古,农业,165.3,653,本科二批,192193,141799,152213,135954,132176,131857,131857
204,200,河南科技大学,河南,综合,164.9,329,本科二批,138510,130372,92959,90348,79003,79003,79003
205,200,河南科技大学,河南,综合,164.9,330,本科一批,79430,69982,71851,67520,59993,56631,50997
206,201,南华大学,湖南,综合,164.1,602,本科一批,64821,55355,49387,45525,46474,44640,41898
207,202,哈尔滨师范大学,黑龙江,师范,164,262,本科二批,123956,113569,115107,107979,102355,104424,104424
208,203,石家庄铁道大学,河北,理工,163.5,829,本科一批,53926,50132,51294,49758,46474,37460,35398
209,204,北京信息科技大学,北京,理工,163.4,69,本科一批,33462,31039,29151,28227,27258,28432,28940
210,205,沈阳建筑大学,辽宁,理工,162.5,819,本科一批,74466,75906,94355,56901,49710,46232,44499
211,206,青岛农业大学,山东,农业,162.4,689,本科二批,134151,119222,109722,109212,95249,97211,83871
212,207,上海工程技术大学,上海,理工,161.7,776,本科一批,54949,59698,37129,36312,35233,35978,36982
213,208,河南工业大学,河南,理工,161.4,327,本科一批,80734,77140,78652,72572,67539,60196,54810
214,209,江西理工大学,江西,理工,161.1,502,本科二批,109592,101503,104489,106733,114586,98426,74303
215,209,江西理工大学,江西,理工,161.1,503,本科一批,66016,66467,57178,52387,52168,49591,45373
216,210,中南林业科技大学,湖南,林业,160.8,1184,本科一批,64821,67627,107111,46358,47284,47851,44499
217,211,北京农学院,北京,农业,160.7,62,本科二批,116712,109540,108397,111672,87270,83527,79003
218,212,重庆师范大学,重庆,师范,160.6,1210,本科二批,98686,92191,108397,89407,79696,79105,69728
219,212,重庆师范大学,重庆,师范,160.6,1211,本科一批,47907,44162,47516,48043,55546,70854,70854
220,213,江西农业大学,江西,农业,160.5,504,本科二批,141361,114968,119172,112929,108360,110437,110437
221,213,兰州交通大学,甘肃,理工,160.5,538,本科二批,102673,96089,98103,99507,80816,72807,63075
222,213,兰州交通大学,甘肃,理工,160.5,539,本科一批,60300,60827,82193,45525,45681,45451,46332
223,215,西藏大学,西藏,综合,159.7,987,本科二批,116712,117811,124682,119108,120745,139691,139691
224,216,沈阳工业大学,辽宁,理工,159.6,814,本科二批,121053,109540,104489,105524,97599,160352,66329
225,216,沈阳工业大学,辽宁,理工,159.6,815,本科一批,54949,53210,55105,52387,47284,44640,38616
226,217,华东交通大学,江西,理工,159.4,426,本科二批,93448,85729,82193,74566,79696,65849,58832
227,217,华东交通大学,江西,理工,159.4,427,本科一批,54949,51170,49387,43915,41790,40557,36139
228,218,沈阳航空航天大学,辽宁,理工,159.2,816,本科二批,112446,102795,103209,109212,81919,71835,67428
229,218,沈阳航空航天大学,辽宁,理工,159.2,817,本科一批,51895,50132,53206,55062,71482,29719,28940
230,219,西安邮电大学,陕西,理工,158.9,978,本科一批,30319,29485,28476,29486,27863,28432,27645
231,220,东华理工大学,江西,理工,158.7,141,本科一批,116712,52176,53206,55962,58183,70854,70854
232,221,东北电力大学,吉林,理工,158.6,133,本科一批,61408,48117,48470,48043,45681,40557,40216
233,222,上海电力大学,上海,理工,157.9,774,本科一批,34265,33477,36336,40745,42570,45451,45451
234,223,鲁东大学,山东,综合,157.3,571,本科二批,113880,104116,101963,99507,199075,89200,77740
235,225,大连大学,辽宁,综合,156.9,107,本科二批,109592,101503,94355,92631,91807,70854,64177
236,226,苏州科技大学,江苏,理工,156.4,858,本科一批,42114,40431,41266,41539,44856,46232,44499
237,227,河北科技大学,河北,理工,155.9,306,本科一批,116712,54281,51294,45525,46474,44640,42781
238,228,渤海大学,辽宁,综合,155.8,80,本科二批,125339,114968,107111,105524,101077,100834,82619
239,229,华北理工大学,河北,综合,155.5,421,本科一批,66016,55355,57178,52387,52168,56631,56631
240,230,甘肃农业大学,甘肃,农业,155.4,170,本科二批,287920,134593,130391,129399,124488,129271,129271
241,231,北京印刷学院,北京,理工,154.1,70,本科一批,62527,57472,64379,48886,48911,49591,46332
242,232,重庆理工大学,重庆,理工,153.3,1206,本科二批,92075,89567,78652,75582,68464,63017,59871
243,232,西安石油大学,陕西,理工,153.3,971,本科一批,51895,47088,49387,49758,46474,45451,41066
244,232,重庆理工大学,重庆,理工,153.3,1207,本科一批,42114,42274,43868,38484,38034,38238,38616
245,234,海南师范大学,海南,师范,152.8,275,本科二批,132697,109540,105793,106733,107188,111724,111724
246,234,海南师范大学,海南,师范,152.8,276,本科一批,71998,73543,78652,91562,91562,91562,91562
247,235,上海应用技术大学,上海,理工,151.6,798,本科一批,70771,54281,48470,51463,54663,63017,63017
248,236,桂林电子科技大学,广西,理工,151.2,242,本科二批,94763,89567,86875,91562,78633,68889,60948
249,236,桂林电子科技大学,广西,理工,151.2,243,本科一批,41207,41377,43018,43915,47284,49591,49591
250,237,聊城大学,山东,综合,150.8,564,本科二批,121053,109540,107111,107979,96438,99611,81363
251,237,郑州轻工业大学,河南,理工,150.8,1146,本科二批,135597,130372,139124,95249,99611,99611,99611
252,237,郑州轻工业大学,河南,理工,150.8,1147,本科一批,85633,88293,91816,91562,80816,70854,59871
253,239,武汉轻工大学,湖北,理工,150,939,本科二批,102673,94834,83314,82846,79696,68889,61992
254,240,安徽建筑大学,安徽,理工,149.9,5,本科一批,68314,72367,83314,83314,83314,83314,83314
255,240,东北石油大学,黑龙江,理工,149.9,137,本科一批,116712,77140,77523,69535,79696,52155,48104
256,242,成都信息工程大学,四川,理工,149.2,95,本科一批,42114,38611,41266,45525,51363,51363,51363
257,243,东莞理工学院,广东,理工,149,138,本科一批,52925,50132,46572,52387,58183,58183,58183
258,244,大连交通大学,辽宁,理工,148.1,113,本科二批,112446,101503,101503,101503,101503,101503,101503
259,244,大连交通大学,辽宁,理工,148.1,114,本科一批,53926,53210,64379,41539,41026,33816,31751
260,245,山东建筑大学,山东,理工,147.5,723,本科一批,67119,61893,62311,72572,72572,72572,72572
261,246,西华师范大学,四川,师范,147.4,993,本科一批,81978,85729,104489,104489,104489,104489,104489
262,247,西安工程大学,陕西,理工,147.2,954,本科一批,63644,50132,48470,45525,45681,46232,41898
263,249,成都大学,四川,综合,146.3,89,本科一批,49827,46111,51294,59764,69405,69405,69405
264,250,西安工业大学,陕西,理工,145.9,956,本科一批,40304,36876,35574,35578,34502,35224,34642
265,251,浙大宁波理工学院,浙江,理工,145.1,1113,本科一批,70771,71135,74158,88287,88287,88287,88287
266,252,佛山科学技术学院,广东,理工,144.6,147,本科二批,132697,138907,279199,111672,107188,120398,120398
267,253,山西农业大学,山西,农业,143.8,747,本科二批,203404,119222,121907,117903,115820,121631,121631
268,254,青岛理工大学,山东,理工,143.6,688,本科一批,112446,43222,39606,35578,32478,31811,29617
269,255,华北水利水电大学,河南,理工,143.5,424,本科二批,118136,91807,81346,69728,69728,69728,69728
270,255,华北水利水电大学,河南,理工,143.5,425,本科一批,78166,75906,74158,67520,55546,48733,41898
271,256,厦门理工学院,福建,理工,143.2,712,本科二批,112446,97420,86875,85035,71482,61142,54810
272,258,南京工程学院,江苏,理工,142.7,608,本科一批,60300,64188,73020,73020,73020,73020,73020
273,259,北京联合大学,北京,综合,142.2,59,本科二批,105431,98716,113728,66544,66578,68889,68889
274,259,北京联合大学,北京,综合,142.2,60,本科一批,55959,47088,57178,34859,31135,32459,33222
275,260,长春工业大学,吉林,理工,141.6,1089,本科二批,142881,106820,105793,107979,97599,98426,74303
276,261,辽宁工程技术大学,辽宁,理工,141.3,552,本科一批,90783,78357,69714,65570,60944,53976,48104
277,262,湖州师范学院,浙江,师范,141.1,415,本科二批,128279,116385,115107,117903,107188,114216,114216
278,262,湖州师范学院,浙江,师范,141.1,416,本科一批,70771,72367,74158,85035,85035,85035,85035
279,263,江汉大学,湖北,综合,140.5,482,本科一批,66016,84489,84489,84489,84489,84489,84489
280,264,辽宁石油化工大学,辽宁,理工,140.2,561,本科一批,88238,82003,93105,72572,68464,56631,50008
281,265,青海师范大学,青海,师范,140.1,694,本科二批,145875,128942,131781,131966,132176,134428,134428
282,266,吉林师范大学,吉林,师范,139.9,464,本科二批,132697,109540,112391,110417,110810,120398,120398
283,267,北京石油化工学院,北京,理工,139.7,65,本科二批,115307,101503,93105,98319,83016,71835,59871
284,267,内蒙古师范大学,内蒙古,师范,139.7,654,本科二批,134151,133199,149279,139883,144009,134428,134428
285,269,中国民航大学,天津,理工,139.1,1167,本科一批,54949,60827,100680,38484,33135,33120,32477
286,270,辽宁工业大学,辽宁,理工,138.7,553,本科二批,142881,113569,109722,111672,101077,93741,79003
287,271,湖南工业大学,湖南,理工,138.6,396,本科一批,60300,58573,59191,65570,77638,77638,77638
288,272,延安大学,陕西,综合,138.5,1046,本科二批,122496,116385,111061,109212,109551,85827,85827
289,273,西华大学,四川,综合,138.2,992,本科一批,49827,46111,49387,48886,52986,60196,60196
290,274,桂林理工大学,广西,理工,138,246,本科二批,109592,112214,100680,100709,97599,131857,75468
291,274,桂林理工大学,广西,理工,138,247,本科一批,80734,92191,92191,92191,92191,92191,92191
292,275,河北工程大学,河北,理工,137,297,本科二批,126766,104116,104489,107979,92959,90348,76618
293,275,沈阳化工大学,辽宁,理工,137,818,本科二批,297990,109540,111061,112929,108360,104424,80151
294,275,河北工程大学,河北,理工,137,298,本科一批,71998,59698,57178,56901,51363,49591,44499
295,277,绍兴文理学院,浙江,师范,136.8,805,本科二批,116712,116385,111061,110417,103612,99611,99611
296,278,安徽工程大学,安徽,理工,136.6,3,本科二批,132697,105494,108397,117903,96438,98426,98426
297,279,浙江科技学院,浙江,理工,135.9,1123,本科一批,66016,66467,66467,66467,66467,66467,66467
298,280,盐城工学院,江苏,理工,135,1049,本科二批,293683,122058,121907,114177,107188,105618,105618
299,281,盐城师范学院,江苏,师范,134.8,1050,本科二批,134151,138907,141960,133310,128280,130602,130602
300,282,山西师范大学,山西,师范,134.5,748,本科二批,115307,112214,112391,107979,109551,122878,122878
301,283,赣南师范大学,江西,师范,133.9,178,本科二批,125339,120651,120507,119108,119499,130602,130602
302,283,赣南师范大学,江西,师范,133.9,179,本科一批,75663,82003,91816,91816,91816,91816,91816
303,284,大连海洋大学,辽宁,农业,133.7,112,本科二批,131200,112214,109722,106733,89544,84704,75468
304,285,内蒙古工业大学,内蒙古,理工,133.6,646,本科二批,159463,126208,129013,119108,120745,106749,106749
305,286,淮阴师范学院,江苏,师范,133.3,443,本科二批,280640,140403,139124,139883,134821,137044,137044
306,287,信阳师范学院,河南,师范,133.1,1035,本科二批,132697,120651,120507,117903,118247,120398,120398
307,287,信阳师范学院,河南,师范,133.1,1036,本科一批,86942,83217,89282,89282,89282,89282,89282
308,288,安庆师范大学,安徽,师范,132.9,19,本科二批,105431,105494,113728,115409,118247,127998,127998
309,289,合肥学院,安徽,理工,132.8,291,本科二批,111038,108151,107111,114177,98741,100834,100834
310,290,云南农业大学,云南,农业,132.6,1074,本科二批,165585,117811,119172,112929,109551,115431,115431
311,291,辽宁科技大学,辽宁,理工,132.5,555,本科二批,139904,105494,115107,104362,92959,94891,80151
312,291,辽宁科技大学,辽宁,理工,132.5,556,本科一批,108202,65365,57178,58817,55546,48733,46332
313,292,南宁师范大学,广西,师范,132.3,632,本科二批,125339,126208,130391,141173,144009,163055,163055
314,293,沈阳理工大学,辽宁,理工,132.2,821,本科二批,131200,100103,95599,98319,88395,79105,69728
315,293,沈阳理工大学,辽宁,理工,132.2,822,本科一批,63644,57472,55105,51463,49710,47851,48104
316,294,内蒙古民族大学,内蒙古,综合,131.3,652,本科二批,208283,155958,158333,150408,160061,130602,130602
317,295,新疆师范大学,新疆,师范,131.2,1023,本科二批,182785,157359,153726,145144,145330,146130,146130
318,296,湖北师范大学,湖北,师范,130.8,382,本科二批,112446,104116,99361,99507,92959,103213,103213
319,297,淮阴工学院,江苏,理工,130.6,442,本科二批,154848,122058,123275,126800,108360,104424,104424
320,297,吉林建筑大学,吉林,理工,130.6,459,本科二批,187565,120651,123275,114177,104754,103213,103213
321,297,重庆科技学院,重庆,理工,130.6,1205,本科二批,112446,110870,108397,111672,98741,86948,83871
322,300,中原工学院,河南,理工,130.4,1190,本科二批,129750,112214,116429,112929,108360,110437,110437
323,300,中原工学院,河南,理工,130.4,1191,本科一批,105431,100103,99361,97168,85142,70854,70854
324,301,北华大学,吉林,综合,130.2,38,本科二批,145875,116385,225127,107979,98741,99611,83871
325,301,嘉兴学院,浙江,综合,130.2,480,本科二批,125339,109540,107111,109212,108360,82440,79003
326,303,临沂大学,山东,综合,129.8,565,本科二批,121053,113569,109722,109212,109551,142305,80151
327,304,吉首大学,湖南,综合,129.7,468,本科二批,132697,109540,109722,100709,96438,91462,91462
328,304,吉首大学,湖南,综合,129.7,469,本科一批,68314,71135,78652,78652,78652,78652,78652
329,305,景德镇陶瓷大学,江西,理工,129.5,518,本科二批,137053,123435,119172,122901,119499,121631,121631
330,306,广东技术师范大学,广东,师范,129.3,189,本科二批,112446,105494,108397,108397,108397,108397,108397
331,307,淮北师范大学,安徽,师范,128.7,440,本科二批,102673,104116,109722,109212,108360,119224,119224
332,308,广东海洋大学,广东,农业,128.6,188,本科二批,128279,113569,109722,107979,96438,94891,94891
333,309,宁波工程学院,浙江,理工,128.4,659,本科二批,125339,108151,103209,106733,90665,81346,80151
334,309,长江师范学院,重庆,师范,128.4,1102,本科二批,189083,124788,126087,119108,116990,125402,125402
335,311,上海海关学院,上海,综合,128,777,本科一批,35077,33477,34124,34113,34113,34113,34113
336,312,黑龙江八一农垦大学,黑龙江,农业,127.8,347,本科二批,162483,157359,161404,150408,142717,144846,144846
337,313,江西科技师范大学,江西,师范,127,499,本科二批,156390,116385,120507,115409,114586,117948,117948
338,313,江西科技师范大学,江西,师范,127,500,本科一批,81978,87025,107111,107111,107111,107111,107111
339,314,安阳师范学院,河南,师范,125.9,23,本科二批,154848,143264,150749,147736,142717,143623,143623
340,314,西南林业大学,云南,林业,125.9,1003,本科二批,147350,116385,120507,112929,109551,111724,111724
341,316,新疆农业大学,新疆,农业,125.5,1022,本科二批,203404,168670,171994,157199,145330,144846,144846
342,317,常熟理工学院,江苏,综合,125.2,84,本科二批,125339,113569,113728,115409,97599,97211,97211
343,318,闽南师范大学,福建,师范,124.9,584,本科二批,138510,123435,124682,121682,120745,121631,121631
344,318,天津城建大学,天津,理工,124.9,879,本科二批,126766,110870,104489,104362,96438,84704,74303
345,320,福建工程学院,福建,理工,124.7,148,本科二批,145875,163015,279199,111672,107188,94891,94891
346,321,沈阳大学,辽宁,综合,124.5,811,本科二批,123956,110870,111061,107979,109551,88055,82619
347,322,五邑大学,广东,综合,124.4,923,本科二批,116712,105494,105793,114177,94127,92622,92622
348,323,内蒙古科技大学,内蒙古,综合,124.2,648,本科二批,296564,133199,133227,126800,125749,130602,130602
349,323,内蒙古科技大学,内蒙古,综合,124.2,649,本科一批,90783,92191,107111,107111,107111,107111,107111
350,324,江苏理工学院,江苏,理工,123.5,492,本科二批,116712,102795,100680,101908,90665,79105,79003
351,325,上海第二工业大学,上海,理工,123.4,771,本科二批,99984,84489,82193,79734,77638,70854,65220
352,325,上海第二工业大学,上海,理工,123.4,772,本科一批,48861,46111,46572,47211,49710,55755,55755
353,326,浙大城市学院,浙江,理工,123,1112,本科一批,63644,59698,62311,69535,69535,69535,69535
354,327,太原科技大学,山西,理工,122.7,867,本科二批,115307,102795,101963,103118,90665,88055,76618
355,327,太原科技大学,山西,理工,122.7,868,本科一批,76893,74766,75279,66544,56437,53090,50008
356,328,岭南师范学院,广东,师范,122.6,566,本科二批,154848,148936,153726,139883,129580,139691,139691
357,329,天津农学院,天津,农业,122.2,886,本科二批,174842,133199,130391,125497,113302,115431,115431
358,330,塔里木大学,新疆,综合,121.5,863,本科二批,237132,192920,192243,191652,167915,160352,160352
360,331,南京晓庄学院,江苏,师范,121.3,624,本科二批,113880,112214,107111,110417,98741,99611,99611
361,332,大理大学,云南,综合,120.9,105,本科二批,138510,110870,108397,105524,103612,93741,93741
362,332,井冈山大学,江西,综合,120.9,517,本科二批,134151,122058,123275,120408,119499,126705,126705
363,334,湖南理工学院,湖南,理工,120.8,401,本科二批,159463,102795,101963,124214,86229,83527,76618
364,334,江苏海洋大学,江苏,理工,120.8,487,本科二批,113880,110870,111061,115409,98741,93741,83871
365,334,湖南理工学院,湖南,理工,120.8,402,本科一批,74466,85729,85729,85729,85729,85729,85729
367,336,台州学院,浙江,综合,120.6,865,本科二批,123956,119222,123275,125497,107188,99611,99611
368,337,闽江学院,福建,理工,120.4,581,本科二批,129750,122058,121907,117903,112073,99611,99611
369,338,黄冈师范学院,湖北,师范,120,444,本科二批,138510,138907,143428,146450,142717,142717,142717
370,339,浙江万里学院,浙江,理工,119.9,1133,本科二批,185975,187213,197053,205421,206754,206754,206754
371,339,重庆文理学院,重庆,综合,119.9,1213,本科二批,119572,113569,111061,105524,96438,98426,98426
372,341,齐齐哈尔大学,黑龙江,综合,119.7,677,本科二批,241940,135998,136160,128060,125749,137044,137044
373,341,四川轻化工大学,四川,理工,119.7,848,本科二批,106846,108151,115107,105524,94127,90348,83871
374,341,四川轻化工大学,四川,理工,119.7,849,本科一批,74466,78357,96807,96807,96807,96807,96807
375,343,南昌工程学院,江西,理工,119.6,590,本科二批,122496,116385,117785,122901,98741,98426,81363
376,343,南昌工程学院,江西,理工,119.6,591,本科一批,78166,67627,67572,70573,66578,70854,70854
377,344,天津职业技术师范大学,天津,师范,119.4,898,本科二批,148869,114968,109722,117903,115820,117948,117948
378,345,上海电机学院,上海,理工,119.1,773,本科一批,99984,55355,55105,57808,51363,49591,43618
379,346,湖北科技学院,湖北,综合,119,375,本科二批,119572,108151,107111,105524,90665,86948,75468
380,347,陕西理工大学,陕西,理工,118.8,758,本科二批,115307,104116,101963,100709,115820,97211,85077
381,348,内江师范学院,四川,师范,118.5,642,本科二批,156390,155958,158333,157199,160061,163055,163055
382,349,合肥师范学院,安徽,师范,118.4,290,本科二批,259330,128942,130391,129399,128280,131857,131857
383,350,阜阳师范大学,安徽,师范,116.6,165,本科二批,135597,131782,137646,139883,137486,138336,138336
384,351,南阳师范学院,河南,师范,116.4,640,本科二批,148869,144698,150749,149103,147954,144846,144846
385,351,南阳师范学院,河南,师范,116.4,641,本科一批,94763,94834,99361,99361,99361,99361,99361
386,352,贵州师范学院,贵州,师范,116.2,237,本科二批,151865,144698,164407,168099,141401,151353,151353
387,353,徐州工程学院,江苏,理工,115.8,1040,本科二批,148869,124788,124682,126800,112073,109175,109175
388,354,洛阳师范学院,河南,师范,115.4,575,本科二批,128279,126208,130391,129399,123240,124155,124155
389,354,仲恺农业工程学院,广东,农业,115.4,1193,本科二批,147350,174394,117785,117903,115820,116656,116656
391,356,长春师范大学,吉林,师范,115.2,1096,本科二批,156390,123435,127545,122901,118247,121631,121631
392,357,湖北文理学院,湖北,综合,114.8,384,本科二批,170142,113569,116429,120408,124488,85827,85827
393,358,宝鸡文理学院,陕西,师范,114.5,30,本科二批,153381,128942,133227,133310,133484,161742,161742
394,359,安徽科技学院,安徽,师范,114.2,6,本科二批,295123,113569,113728,120408,101077,100834,100834
395,360,长沙学院,湖南,理工,114,1106,本科二批,115307,112214,117785,155853,91807,90348,85077
396,361,衡阳师范学院,湖南,师范,113.8,361,本科二批,132697,128942,131781,130659,123240,130602,130602
397,362,无锡学院,江苏,综合,113.3,921,本科二批,142881,184345,187430,202671,152038,152038,152038
398,363,滨州学院,山东,师范,113.1,77,本科二批,283600,147501,141960,163888,124488,126705,126705
399,364,长春大学,吉林,综合,112.8,1085,本科二批,135597,110870,109722,109212,95249,90348,79003
400,365,黑龙江科技大学,黑龙江,理工,112.6,356,本科二批,227590,116385,119172,112929,110810,121631,121631
401,365,泉州师范学院,福建,师范,112.6,700,本科二批,144391,137488,140526,133310,123240,124155,124155
402,368,广西科技大学,广西,理工,111.8,206,本科二批,148869,114968,115107,109212,120745,99611,99611
403,369,江苏第二师范学院,江苏,师范,111.5,486,本科二批,111038,112214,112391,109212,104754,117948,117948
404,370,西藏农牧学院,西藏,农业,111.1,990,本科二批,214734,214321,209699,198558,261217,261217,261217
405,371,贵州理工学院,贵州,理工,111,235,本科二批,151865,144698,176534,126800,118247,117948,117948
406,371,咸阳师范学院,陕西,师范,111,1010,本科二批,137053,133199,139124,134604,130905,130602,130602
407,373,九江学院,江西,综合,110.8,521,本科二批,142881,126208,130391,115409,104754,102018,102018
408,374,绵阳师范学院,四川,师范,110.6,580,本科二批,148869,154550,164407,146450,134821,138336,138336
409,375,湖北汽车工业学院,湖北,理工,110.5,378,本科二批,147350,133199,134658,128060,123240,99611,82619
410,375,湖北汽车工业学院,湖北,理工,110.5,379,本科一批,93448,110870,73020,63646,62794,62030,62030
411,376,常州工学院,江苏,理工,109.7,87,本科二批,123956,109540,108397,112929,99938,102018,102018
412,377,金陵科技学院,江苏,综合,109.6,511,本科二批,115307,104116,101963,104362,87270,76938,73170
413,378,黑龙江工程学院,黑龙江,理工,109.4,352,本科二批,259330,140403,141960,135954,128280,122878,122878
414,378,乐山师范学院,四川,师范,109.4,544,本科二批,164055,160203,185877,148755,148755,148755,148755
415,380,潍坊学院,山东,综合,109.2,909,本科二批,257747,134593,133227,130659,121994,121631,121631
416,381,佳木斯大学,黑龙江,综合,108.8,478,本科二批,297990,148936,162953,142492,141401,150006,150006
417,382,唐山师范学院,河北,师范,108.5,875,本科二批,187565,181490,181267,170826,158692,155209,155209
418,383,山东交通学院,山东,理工,108.4,724,本科二批,129750,113728,117903,96438,91462,77740,77740
419,384,广东石油化工学院,广东,综合,107.6,195,本科二批,142881,122058,123275,115409,108360,107956,107956
420,384,河北建筑工程学院,河北,理工,107.6,303,本科二批,296564,119222,115107,115409,102355,104424,104424
421,386,湖北工程学院,湖北,综合,107.4,369,本科二批,131200,113569,111061,110417,99938,91462,91462
422,387,惠州学院,广东,综合,107.3,451,本科二批,131200,123435,126087,126800,108360,102018,102018
423,388,成都工业学院,四川,理工,107.1,91,本科二批,108202,104116,103209,101908,92959,93741,93741
424,388,丽水学院,浙江,师范,107.1,546,本科二批,159463,116385,116429,114177,104754,107956,107956
425,390,黄淮学院,河南,师范,106.8,448,本科二批,184349,179984,182812,177786,166587,156507,156507
427,391,许昌学院,河南,理工,106.7,1042,本科二批,170142,157359,161404,162553,152038,146130,146130
428,392,北华航天工业学院,河北,理工,106.6,39,本科二批,121053,110870,109722,107979,98741,91462,81363
429,393,湖北第二师范学院,湖北,师范,106.5,367,本科二批,115307,116385,116429,112929,110810,111724,111724
430,394,湖南第一师范学院,湖南,师范,106.2,392,本科二批,105431,102795,105793,109212,92959,89200,89200
431,395,湖南文理学院,湖南,综合,105.9,410,本科二批,135597,124788,117785,120408,119499,126705,126705
432,396,周口师范学院,河南,师范,105.7,1218,本科二批,178120,177201,184336,181968,165297,155209,155209
433,397,铜仁学院,贵州,综合,105.5,905,本科二批,171656,179984,190661,176425,166587,163055,163055
434,397,重庆三峡学院,重庆,综合,105.5,1209,本科二批,121053,120651,178112,111672,104754,106749,106749
435,400,遵义师范学院,贵州,师范,105.4,1220,本科二批,189083,144698,156834,157199,161415,160352,160352
436,401,上饶师范学院,江西,师范,105,802,本科二批,165585,158828,164407,165288,171775,159073,159073
437,402,商丘师范学院,河南,师范,104.8,766,本科二批,165585,161609,168910,169476,158692,148755,148755
438,403,宜春学院,江西,综合,104.7,1060,本科二批,189083,141799,117785,138568,109551,112969,112969
439,403,浙江水利水电学院,浙江,理工,104.7,1131,本科二批,119572,110870,111061,115409,96438,91462,91462
440,405,滁州学院,安徽,师范,104.6,102,本科二批,131200,122058,124682,128060,110810,111724,111724
441,406,吉林化工学院,吉林,理工,104.4,458,本科二批,222771,146141,150749,138568,130905,133138,133138
442,407,德州学院,山东,综合,104.1,124,本科二批,165585,158828,161404,162553,157415,146130,146130
443,408,肇庆学院,广东,综合,104,1111,本科二批,289382,133199,137646,137269,127030,144846,144846
444,409,泰山学院,山东,综合,103.5,873,本科二批,156390,148936,152213,149103,147954,153953,153953
445,410,广东第二师范学院,广东,师范,103.2,184,本科二批,118136,108151,121682,105972,105972,105972,105972
446,411,沈阳工程学院,辽宁,理工,102.7,812,本科二批,168671,117811,120507,119108,109551,104424,104424
447,412,榆林学院,陕西,师范,102.3,1064,本科二批,203404,172921,178112,173642,154750,150006,150006
448,413,长春工程学院,吉林,理工,102.2,1088,本科二批,189083,131782,146428,128060,121994,147444,147444
449,414,洛阳理工学院,河南,综合,102,573,本科二批,144391,127600,124682,120408,113302,111724,111724
451,415,韩山师范学院,广东,师范,101.3,280,本科二批,216337,148936,145144,141401,155209,155209,155209
452,416,天水师范学院,甘肃,师范,101.2,901,本科二批,274530,161609,171994,170826,180995,157809,157809
453,418,北部湾大学,广西,综合,101.1,33,本科二批,148869,143264,155299,161238,164009,161742,161742
454,418,西安文理学院,陕西,师范,101.1,975,本科二批,118136,105494,108397,106733,90665,85827,76618
455,420,齐鲁师范学院,山东,师范,100.9,675,本科二批,138510,134593,140526,145144,149264,155209,155209
456,422,哈尔滨学院,黑龙江,综合,100.6,266,本科二批,198637,157359,158333,147736,132176,129271,129271
457,423,湖南城市学院,湖南,综合,100.3,390,本科二批,142881,133199,136160,129399,124488,126705,126705
458,423,通化师范学院,吉林,师范,100.3,902,本科二批,190631,184345,185877,186172,169165,159073,159073
459,425,防灾科技学院,河北,理工,100,146,本科二批,128279,127600,130391,130659,134821,134428,134428
460,426,宜宾学院,四川,综合,99.9,1059,本科二批,156390,158828,162953,157199,140090,142305,142305
461,428,兰州城市学院,甘肃,综合,99.4,534,本科二批,159463,157359,158333,204059,130905,148755,148755
462,429,河南科技学院,河南,师范,99.2,331,本科二批,263892,153171,152213,145144,133484,129271,129271
463,429,河南科技学院,河南,师范,99.2,332,本科一批,109592,106820,107111,124214,124214,124214,124214
464,430,宁夏师范学院,宁夏,师范,99,665,本科二批,167136,155958,156834,163888,150662,153953,153953
465,430,曲靖师范学院,云南,师范,99,698,本科二批,190631,161609,158333,159838,158692,150006,150006
466,432,渭南师范学院,陕西,师范,98.9,911,本科二批,156390,158828,173485,173485,173485,173485,173485
467,433,玉林师范学院,广西,师范,98.8,1065,本科二批,189083,200016,200016,200016,200016,200016,200016
468,434,南京特殊教育师范学院,江苏,师范,98.4,623,本科二批,156390,157359,162953,153104,157415,153953,153953
469,435,华北科技学院,河北,理工,98.2,420,本科二批,135597,116385,112391,107979,118247,88055,79003
470,436,唐山学院,河北,理工,98,876,本科二批,165585,144698,146428,135954,132176,161742,161742
471,437,韶关学院,广东,综合,97.9,803,本科二批,125339,131782,136160,147736,133484,134428,134428
472,438,河西学院,甘肃,综合,97.6,343,本科二批,184349,178596,185877,169476,166587,157809,157809
473,438,黄山学院,安徽,师范,97.6,450,本科二批,164055,153171,155299,177786,119224,119224,119224
474,440,中国民用航空飞行学院,四川,理工,97.3,1168,本科一批,93448,110870,62311,58817,59092,59092,59092
475,441,湖南工程学院,湖南,理工,97.2,393,本科二批,135597,113569,112391,121682,107188,104424,104424
476,442,三明学院,福建,综合,96.8,704,本科二批,164055,147501,143428,138568,132176,134428,134428
477,443,泰州学院,江苏,师范,96.7,874,本科二批,154848,146141,153726,154476,154750,160352,160352
478,444,湖北理工学院,湖北,理工,96.5,376,本科二批,153381,116385,111061,112929,99938,93741,80151
479,444,石家庄学院,河北,师范,96.5,831,本科二批,154848,144698,149279,135954,134821,137044,137044
480,446,莆田学院,福建,综合,96.3,671,本科二批,148869,143264,143428,135954,125749,124155,124155
481,447,龙岩学院,福建,综合,96.2,569,本科二批,168671,157359,147855,142492,140090,142305,142305
482,448,内蒙古科技大学包头师范学院,内蒙古,综合,96.1,650,本科二批,189083,185784,193825,180543,175678,160352,160352
483,449,安顺学院,贵州,综合,95.8,20,本科二批,214734,184345,185877,172231,179649,152681,152681
484,449,南昌师范学院,江西,师范,95.8,597,本科二批,135597,131782,136160,137269,134821,141002,141002
485,451,四川文理学院,四川,综合,95.5,854,本科二批,197054,138907,137646,134604,124488,129271,129271
486,452,廊坊师范学院,河北,师范,95.2,543,本科二批,221117,137488,139124,138568,134821,141002,141002
487,452,玉溪师范学院,云南,师范,95.2,1066,本科二批,162483,153171,158333,158555,154750,157809,157809
488,454,河南城建学院,河南,理工,95.1,322,本科二批,224338,158828,164407,161238,152038,143623,143623
489,454,河南城建学院,河南,理工,95.1,323,本科一批,115307,110870,107111,100709,100709,100709,100709
490,455,重庆第二师范学院,重庆,师范,95,1197,本科二批,128279,117811,119172,114177,112073,126705,126705
491,456,西昌学院,四川,综合,94.9,991,本科二批,160983,161609,168910,169476,175678,157809,157809
492,457,凯里学院,贵州,综合,94.8,523,本科二批,185975,187213,255219,166668,166587,163055,163055
493,457,牡丹江师范学院,黑龙江,师范,94.8,585,本科二批,206643,174394,181267,170826,169165,157809,157809
494,459,四川旅游学院,四川,综合,94.6,845,本科二批,164055,144698,146428,134604,133484,138336,138336
495,460,郑州师范学院,河南,师范,94.4,1150,本科二批,135597,131782,134658,134604,129580,130602,130602
496,461,大庆师范学院,黑龙江,综合,94.3,123,本科二批,192193,187213,195442,181968,173111,160352,160352
497,461,攀枝花学院,四川,综合,94.3,667,本科二批,122496,114968,130391,121682,114586,93741,93741
498,463,昆明学院,云南,综合,94.2,528,本科二批,137053,124788,127545,129399,120745,119224,119224
499,464,衢州学院,浙江,理工,94.1,699,本科二批,144391,141799,147855,162553,118247,116656,116656
500,465,白城师范学院,吉林,师范,93.6,25,本科二批,192193,184345,185877,176425,173111,163055,163055
501,465,吉林工程技术师范学院,吉林,师范,93.6,456,本科二批,190631,187213,203316,180543,178298,161742,161742
502,467,湖州学院,浙江,师范,93.5,417,本科二批,171656,255937,258045,252414,236337,236337,236337
503,467,淮南师范学院,安徽,师范,93.5,441,本科二批,157920,141799,137646,138568,140090,153953,153953
504,467,嘉应学院,广东,综合,93.5,481,本科二批,154848,158828,162953,163888,145330,143623,143623
505,467,南阳理工学院,河南,理工,93.5,638,本科二批,148869,133199,133227,128060,119499,117948,117948
506,467,营口理工学院,辽宁,理工,93.5,1062,本科二批,290800,154550,159888,150408,142717,144846,144846
507,467,南阳理工学院,河南,理工,93.5,639,本科一批,93448,93476,94355,97168,97168,97168,97168
508,472,商洛学院,陕西,综合,93.4,764,本科二批,187565,174394,179660,180543,153391,150006,150006
509,473,陇东学院,甘肃,师范,92.4,570,本科二批,190631,181490,185877,193026,153391,153953,153953
510,474,保定学院,河北,师范,92.3,32,本科二批,153381,140403,141960,162553,128280,135713,135713
511,474,苏州城市学院,江苏,综合,92.3,855,本科二批,126766,157359,159888,165288,170472,170472,170472
512,476,安康学院,陕西,综合,92.2,18,本科二批,184349,154550,158333,154476,149264,147444,147444
513,477,湖南科技学院,湖南,综合,91.7,400,本科二批,126766,123435,121907,120408,112073,114216,114216
514,477,山东管理学院,山东,综合,91.7,721,本科二批,150381,117811,120507,117903,99938,104424,104424
515,479,贵阳学院,贵州,综合,91.5,228,本科二批,173219,143264,144952,137269,137486,142305,142305
516,480,辽宁科技学院,辽宁,理工,91.4,557,本科二批,217907,140403,140526,131966,118247,116656,116656
517,481,武夷学院,福建,综合,91.3,948,本科二批,181262,153171,156834,158555,134821,133138,133138
518,482,鞍山师范学院,辽宁,师范,91.2,24,本科二批,182785,175789,181267,184787,154750,152681,152681
519,483,湘南学院,湖南,理工,91.1,1011,本科二批,118136,117811,121907,134604,120745,119224,119224
520,484,六盘水师范学院,贵州,师范,90.9,568,本科二批,170142,172921,180543,164009,160352,160352,160352
521,485,河南牧业经济学院,河南,农业,90.7,336,本科二批,181262,168670,171994,170826,157415,156507,156507
522,485,平顶山学院,河南,师范,90.7,668,本科二批,185975,181490,184336,179170,164009,153953,153953
524,487,贺州学院,广西,综合,90.6,345,本科二批,213085,182908,193825,187538,169165,161742,161742
525,487,兰州工业学院,甘肃,理工,90.6,537,本科二批,156390,138907,140526,139883,124488,120398,120398
526,489,宁德师范学院,福建,师范,90.5,661,本科二批,168671,165842,176534,162553,152038,152681,152681
527,490,池州学院,安徽,师范,90.4,100,本科二批,276009,146141,153726,153104,147954,151353,151353
528,491,黔南民族师范学院,贵州,师范,90.2,680,本科二批,187565,184345,187430,190262,166587,163055,163055
529,491,太原师范学院,山西,师范,90.2,870,本科二批,128279,127600,134658,131966,127030,130602,130602
530,493,宿州学院,安徽,师范,90.1,861,本科二批,216337,158828,161404,162553,160061,146130,146130
531,494,山东石油化工学院,山东,理工,89.8,730,本科二批,184349,205778,201696,191652,180995,180995,180995
532,495,海南热带海洋学院,海南,综合,89.7,274,本科二批,217907,138907,140526,134604,130905,137044,137044
533,496,黑河学院,黑龙江,综合,89.4,346,本科二批,198637,185784,192243,181968,164009,160352,160352
534,496,吉林农业科技学院,吉林,农业,89.4,463,本科二批,214734,171454,175024,159838,149264,148755,148755
535,496,辽东学院,辽宁,综合,89.4,547,本科二批,229192,174394,175024,163888,152038,144846,144846
536,496,山西大同大学,山西,综合,89.4,740,本科二批,126766,122058,121907,125497,125749,129271,129271
537,496,西安航空学院,陕西,理工,89.4,957,本科二批,123956,113569,113728,106733,96438,86948,81363
538,501,陕西学前师范学院,陕西,师范,89.3,760,本科二批,147350,147501,178112,133310,124488,143623,143623
539,503,山东农业工程学院,山东,综合,88.8,728,本科二批,297990,151757,143428,139883,141401,143623,143623
540,505,怀化学院,湖南,综合,87.9,439,本科二批,141361,140403,141960,146450,145330,147444,147444
541,506,新余学院,江西,综合,87.8,1033,本科二批,162483,143264,143428,134604,129580,133138,133138
542,507,邵阳学院,湖南,理工,87.7,804,本科二批,126766,126208,134658,121682,147954,114216,114216
543,508,楚雄师范学院,云南,师范,87.4,103,本科二批,195410,184345,176534,176425,166587,161742,161742
544,508,河南工程学院,河南,理工,87.4,325,本科二批,164055,138907,136160,130659,121994,120398,120398
545,510,济宁学院,山东,师范,87.3,475,本科二批,171656,164447,168910,155853,146666,144846,144846
546,511,喀什大学,新疆,师范,87.2,522,本科二批,205000,200016,201696,193026,169165,163055,163055
547,512,兰州文理学院,甘肃,综合,86.9,541,本科二批,151865,141799,147855,133310,132176,138336,138336
548,513,赤峰学院,内蒙古,综合,86.8,101,本科二批,208283,188599,206509,179170,195300,160352,160352
549,513,汉江师范学院,湖北,师范,86.8,281,本科二批,156390,153171,165929,168099,169165,169165,169165
550,515,伊犁师范大学,新疆,师范,86.7,1058,本科二批,203404,200016,208112,187538,184879,163055,163055
551,516,贵州工程应用技术学院,贵州,师范,86.5,233,本科二批,189083,187213,226764,151756,146666,137044,137044
552,517,邢台学院,河北,师范,86.4,1038,本科二批,170142,146141,155299,150408,137486,142305,142305
553,518,邯郸学院,河北,师范,86.2,279,本科二批,201854,167247,171994,186172,137486,137486,137486
554,518,衡水学院,河北,师范,86.2,360,本科二批,165585,163015,173485,183409,137486,139691,139691
555,520,晋中学院,山西,师范,86.1,515,本科二批,176475,170132,176534,170826,158692,156507,156507
556,521,梧州学院,广西,综合,86,922,本科二批,156390,150331,155299,157199,147954,151353,151353
557,522,菏泽学院,山东,综合,85.8,344,本科二批,168671,158828,158333,159838,160061,152681,152681
558,522,红河学院,云南,综合,85.8,362,本科二批,195410,177201,182812,169476,164009,157809,157809
559,524,甘肃民族师范学院,甘肃,师范,85.7,169,本科二批,190631,184345,189057,180543,175678,175678,175678
560,525,呼伦贝尔学院,内蒙古,综合,85.6,364,本科二批,203404,192920,193825,191652,167915,147444,147444
561,527,湖南人文科技学院,湖南,师范,84.8,407,本科二批,230786,140403,149279,155853,133484,143623,143623
562,528,新乡学院,河南,理工,84.6,1029,本科二批,193798,171454,175024,166668,153391,146130,146130
563,528,新乡学院,河南,理工,84.6,1030,本科一批,111038,110870,110870,110870,110870,110870,110870
564,530,百色学院,广西,综合,84.2,26,本科二批,185975,181490,185877,198558,198558,198558,198558
565,531,沧州师范学院,河北,师范,83.9,82,本科二批,164055,164447,170400,173642,156110,152681,152681
566,532,景德镇学院,江西,综合,83.6,519,本科二批,167136,172921,228295,151756,152038,146130,146130
567,533,福建技术师范学院,福建,师范,83.4,149,本科二批,185975,204297,204297,204297,204297,204297,204297
568,533,赣南科技学院,江西,理工,83.4,177,本科二批,176475,208687,211300,220635,196567,196567,196567
569,533,荆楚理工学院,湖北,理工,83.4,516,本科二批,139904,128942,133227,131966,132176,120398,120398
570,537,安阳工学院,河南,理工,83.2,21,本科二批,197054,174394,176534,170826,235169,137044,137044
572,538,阿坝师范学院,四川,师范,82.8,0,本科二批,185975,184345,187430,190262,190262,190262,190262
573,538,信阳农林学院,河南,农业,82.8,1034,本科二批,195410,187213,192243,184787,174435,161742,161742
574,540,巢湖学院,安徽,师范,82.6,88,本科二批,297990,138907,134658,137269,132176,129271,129271
575,541,河北民族师范学院,河北,师范,82.5,308,本科二批,292189,171454,189057,168099,162718,156507,156507
576,542,桂林航天工业学院,广西,理工,82.3,245,本科二批,150381,133199,131781,126800,114586,111724,111724
577,543,长治学院,山西,师范,82.2,1108,本科二批,162483,165842,165929,163888,164009,153953,153953
578,544,河池学院,广西,综合,81,318,本科二批,225988,182908,184336,179170,167915,160352,160352
579,545,河北环境工程学院,河北,综合,80.9,302,本科二批,179665,141799,141960,143825,140090,147444,147444
580,546,张家口学院,河北,综合,80.7,1082,本科二批,162483,151757,165929,188928,121994,120398,120398
581,547,湖南工学院,湖南,理工,80.6,395,本科二批,126766,119222,113728,111672,108360,104424,104424
582,548,河南工学院,河南,理工,80.5,326,本科二批,185975,175789,178112,173642,162718,163055,163055
583,549,兴义民族师范学院,贵州,师范,80,1039,本科二批,198637,178596,185877,184787,169165,163055,163055
584,550,绥化学院,黑龙江,综合,79.8,862,本科二批,192193,185784,193825,179170,161415,156507,156507
585,551,温州理工学院,浙江,师范,79.2,914,本科二批,159463,227021,238977,243429,222903,222903,222903
586,554,长沙师范学院,湖南,师范,78.8,1105,本科二批,134151,137488,149279,129271,129271,129271,129271
587,555,枣庄学院,山东,综合,78.1,1081,本科二批,192193,175789,179660,206814,147954,144846,144846
588,555,郑州工程技术学院,河南,理工,78.1,1139,本科二批,173219,170132,171994,169476,162718,163055,163055
589,557,运城学院,山西,师范,77.9,1080,本科二批,229192,158828,161404,163888,154750,153953,153953
590,558,文山学院,云南,师范,76.9,919,本科二批,192193,195845,193825,199851,155209,155209,155209
591,559,吕梁学院,山西,师范,76.3,577,本科二批,184349,181490,187430,188928,165297,157809,157809
592,560,新疆工程学院,新疆,理工,75.5,1019,本科二批,251493,192920,198658,187538,174435,159073,159073
593,561,普洱学院,云南,师范,75.1,672,本科二批,201854,188599,192243,194502,169165,163055,163055
594,562,萍乡学院,江西,综合,73.2,670,本科二批,190631,182908,189057,197157,154750,156507,156507
595,563,集宁师范学院,内蒙古,师范,72.6,473,本科二批,190631,187213,189057,198558,198558,198558,198558
596,564,滇西科技师范学院,云南,师范,72.2,125,本科二批,189083,200217,181968,182265,182265,182265,182265
597,565,太原工业学院,山西,理工,71.8,866,本科二批,141361,120651,121907,119108,108360,107956,107956
598,566,新疆理工学院,新疆,综合,71.7,1021,本科二批,206643,210109,280520,215061,214356,214356,214356
599,567,广西科技师范学院,广西,师范,71.5,207,本科二批,181262,181490,197053,175046,170472,170472,170472
600,568,昭通学院,云南,师范,71.2,1110,本科二批,200256,175789,181267,194502,194502,194502,194502
601,569,忻州师范学院,山西,师范,71.1,1015,本科二批,189083,160203,164407,169476,154750,153953,153953
603,571,昌吉学院,新疆,师范,70.1,83,本科二批,217907,205778,229909,187538,183594,163055,163055
604,572,琼台师范学院,海南,师范,69.8,696,本科二批,162483,160203,167432,168099,176960,176960,176960
605,573,鄂尔多斯应用技术学院,内蒙古,综合,69.3,145,本科二批,213085,190039,193825,191652,191652,191652,191652
606,574,黑龙江工业学院,黑龙江,理工,68.2,355,本科二批,200256,187213,192243,188928,165297,150006,150006
607,575,新疆政法学院,新疆,综合,66.9,1028,本科二批,208283,259953,259953,259953,259953,259953,259953
608,576,山西能源学院,山西,综合,64.9,746,本科二批,190631,175789,179660,175046,179649,179649,179649
609,577,赣东学院,江西,理工,64.2,176,本科二批,181262,211459,212792,198558,187480,187480,187480
610,578,河套学院,内蒙古,综合,64.1,342,本科二批,189083,194389,201696,183409,200354,200354,200354
611,579,亳州学院,安徽,师范,63.6,79,本科二批,184349,179984,204917,170826,170826,170826,170826
612,580,豫章师范学院,江西,师范,62.1,1067,本科二批,176475,177201,184336,179170,179170,179170,179170
613,581,山西工程技术学院,山西,理工,61.9,742,本科二批,206643,163015,147855,147736,140090,146130,146130
614,582,太原学院,山西,理工,58.2,871,本科二批,147350,138907,141960,142492,134821,131857,131857
615,财1（35）,上海财经大学,上海,财经,,768,本科一批,6374,5753,31251,2000,1932,1909,1912
616,财10（164）,北京工商大学,北京,财经,,46,本科一批,41207,40431,34852,32759,26093,26585,27001
617,财11（167）,上海对外经贸大学,上海,财经,,775,本科一批,68314,29485,25787,24624,20210,18866,19945
618,财12（171）,南京财经大学,江苏,财经,,604,本科一批,39420,33477,34124,40745,23318,24194,23287
619,财13（175）,浙江财经大学,浙江,财经,,1114,本科一批,36819,34290,37938,38484,42570,42570,42570
620,财14（186）,山东财经大学,山东,财经,,714,本科一批,42114,41377,44724,55062,34544,36982,36982
621,财15（189）,天津财经大学,天津,财经,,877,本科一批,98686,35130,32636,32759,27258,21414,21030
622,财16（190）,南京审计大学,江苏,财经,,618,本科一批,34265,33477,33407,36312,21190,18364,16829
623,财17（224）,安徽财经大学,安徽,财经,,1,本科一批,57047,56402,58177,81781,39472,31071,31055
625,财19（269）,重庆工商大学,重庆,财经,,1200,本科二批,105431,89567,89282,79734,85142,65849,61992
626,财19（269）,重庆工商大学,重庆,财经,,1201,本科一批,49827,48117,50338,52387,35870,32459,33947
627,财2（44）,中央财经大学,北京,财经,,1188,本科一批,9454,6356,6574,7828,3150,2827,2908
628,财20（280）,河北经贸大学,河北,财经,,305,本科二批,109592,92191,90542,96023,79696,60196,54810
629,财21（288）,山西财经大学,山西,财经,,737,本科二批,118136,96089,100680,99507,84084,72807,64177
630,财21（288）,山西财经大学,山西,财经,,738,本科一批,47907,48117,55105,52387,33135,33120,32477
631,财22（304）,北京物资学院,北京,财经,,68,本科一批,69571,45122,43018,48886,37276,35978,35398
632,财23（321）,吉林财经大学,吉林,财经,,453,本科一批,76893,60827,59191,55062,59092,59092,59092
633,财24（325）,河南财经政法大学,河南,财经,,320,本科一批,63644,59698,56118,52387,49710,46998,43618
634,财25（329）,湖北经济学院,湖北,财经,,373,本科二批,112446,102795,93105,91562,76579,63017,56764
635,财26（344）,上海立信会计金融学院,上海,财经,,786,本科二批,86942,74766,78652,61702,57297,48733,42781
636,财26（344）,上海立信会计金融学院,上海,财经,,787,本科一批,101319,34290,27764,28843,23318,22540,23903
637,财27（355）,哈尔滨商业大学,黑龙江,财经,,261,本科一批,86942,74766,71851,75582,58183,49591,48104
638,财28（364）,天津商业大学,天津,财经,,888,本科二批,156390,130372,98319,97599,74886,67428,67428
639,财28（364）,天津商业大学,天津,财经,,889,本科一批,67119,66467,82193,50647,44856,40557,39373
640,财29（366）,内蒙古财经大学,内蒙古,财经,,643,本科二批,147350,144698,147855,125497,123240,94891,94891
641,财3（47）,对外经济贸易大学,北京,财经,,144,本科一批,6374,8900,76393,2652,2627,3138,3346
642,财30（367）,西安财经大学,陕西,财经,,949,本科二批,86942,84489,84432,87208,80816,57486,51955
643,财30（367）,西安财经大学,陕西,财经,,950,本科一批,60300,68843,68843,68843,68843,68843,68843
644,财31（368）,兰州财经大学,甘肃,财经,,533,本科二批,115307,109540,119172,106733,91807,92622,92622
645,财32（371）,湖南工商大学,湖南,财经,,394,本科一批,59195,58573,60165,68522,68522,68522,68522
646,财33（384）,河北地质大学,河北,财经,,294,本科二批,123956,110870,111061,116652,101077,91462,91462
647,财33（384）,云南财经大学,云南,财经,,1068,本科二批,137053,105494,100680,105524,86229,69854,63075
648,财35（387）,贵州财经大学,贵州,财经,,229,本科二批,200256,191461,253689,85142,84704,84704,84704
649,财36（424）,郑州航空工业管理学院,河南,财经,,1142,本科二批,154848,163015,113728,107979,103612,100834,100834
650,财36（424）,郑州航空工业管理学院,河南,财经,,1143,本科一批,106846,104116,104489,91562,74478,70854,70854
651,财37（443）,广东金融学院,广东,财经,,190,本科二批,121053,84489,67572,69535,57297,53976,50008
652,财38（445）,新疆财经大学,新疆,财经,,1016,本科二批,233927,147501,143428,177786,97599,99611,99611
653,财39（446）,上海商学院,上海,财经,,789,本科二批,104040,92191,81012,77679,67539,56631,55771
654,财4（65）,中南财经政法大学,湖北,财经,,1182,本科一批,14309,16139,40404,11400,11681,9806,9571
655,财40（468）,河北金融学院,河北,财经,,304,本科二批,122496,113569,117785,145144,86229,78012,75468
656,财41（495）,山东工商学院,山东,财经,,720,本科二批,126766,119222,119172,110417,94127,84704,73170
657,财42（552）,广西财经学院,广西,财经,,202,本科二批,129750,120651,124682,150408,91807,85827,81363
658,财43（598）,福建江夏学院,福建,财经,,150,本科二批,142881,127600,129013,128060,125749,106749,106749
659,财43+（600+）,贵州商学院,贵州,财经,,236,本科二批,217907,158828,159888,154476,141401,148755,148755
660,财43+（600+）,桂林旅游学院,广西,财经,,249,本科二批,214734,182908,190661,191652,158692,157809,157809
661,财43+（600+）,哈尔滨金融学院,黑龙江,财经,,259,本科二批,165585,155958,162953,150408,120745,102018,82619
662,财43+（600+）,河南财政金融学院,河南,财经,,321,本科二批,164055,151757,156834,150408,145330,152681,152681
663,财43+（600+）,湖南财政经济学院,湖南,财经,,389,本科二批,113880,104116,104489,104362,130905,72807,65220
664,财43+（600+）,吉林工商学院,吉林,财经,,457,本科二批,176475,158828,197053,150408,132176,119224,119224
665,财43+（600+）,嘉兴南湖学院,浙江,财经,,479,本科二批,165585,247757,250790,266423,209343,209343,209343
666,财43+（600+）,铜陵学院,安徽,财经,,904,本科二批,284988,135998,139124,139883,118247,116656,116656
667,财43+（600+）,武汉商学院,湖北,财经,,941,本科二批,113880,109540,107111,109212,108360,104424,104424
668,财43+（600+）,新疆科技学院,新疆,财经,,1020,本科二批,208283,214321,259513,243429,220481,220481,220481
669,财5（76）,西南财经大学,四川,财经,,996,本科一批,13376,14443,18059,9354,11681,8272,8640
670,财6（80）,东北财经大学,辽宁,财经,,130,本科一批,29573,31866,22618,21709,24410,13858,14104
671,财7（121）,首都经济贸易大学,北京,财经,,832,本科一批,31136,38611,19684,16314,14743,13858,14537
672,财8（128）,浙江工商大学,浙江,财经,,1118,本科一批,39420,38611,29151,30752,25007,27217,31751
673,财9（132）,江西财经大学,江西,财经,,495,本科一批,113880,32658,31945,34859,26093,24758,24496
674,合作3（82）,宁波诺丁汉大学,浙江,综合,,660,本科一批,88238,101503,31384,32478,42144,51955,51955
675,合作4（128）,西交利物浦大学,江苏,理工,,994,本科一批,74466,106820,47211,78633,53090,46332,46332
676,合作5（163）,温州肯恩大学,浙江,综合,,913,本科一批,111038,102795,58817,59092,62030,55771,55771
677,合作6（167）,北京师范大学-香港浸会大学联合国际学院,广东,综合,,64,本科一批,102673,108151,54123,61855,65849,58832,58832
678,民1（100）,中央民族大学,北京,民族,,1189,本科一批,12952,12396,12435,11712,10654,11526,12381
679,民10（439）,北方民族大学,宁夏,民族,,35,本科二批,139904,144698,127545,129399,119499,124155,124155
680,民10（439）,北方民族大学,宁夏,民族,,36,本科一批,96108,109540,109540,109540,109540,109540,109540
681,民11（458）,青海民族大学,青海,民族,,693,本科二批,164055,135998,137646,146450,127030,130602,130602
682,民12（459）,湖北民族大学,湖北,民族,,377,本科二批,156390,120651,124682,122901,123240,116656,116656
683,民2（190）,中南民族大学,湖北,民族,,1186,本科一批,48861,43222,43018,44734,41790,42986,42781
684,民3（270）,西南民族大学,四川,民族,,1004,本科二批,104040,100103,90542,85035,80816,80251,85077
685,民3（270）,西南民族大学,四川,民族,,1005,本科一批,51895,49113,53206,45525,49710,59235,59235
686,民4（334）,广西民族大学,广西,民族,,208,本科二批,151865,123435,134658,116652,113302,116656,116656
687,民5（379）,西北民族大学,甘肃,民族,,981,本科二批,132697,124788,119172,120408,112073,109175,109175
688,民5（379）,西北民族大学,甘肃,民族,,982,本科一批,52925,64188,64188,64188,64188,64188,64188
689,民6（380）,云南民族大学,云南,民族,,1073,本科二批,286455,109540,113728,117903,98741,100834,100834
690,民7（403）,大连民族大学,辽宁,民族,,118,本科二批,104040,102795,105793,92631,86229,82440,82619
691,民7（403）,大连民族大学,辽宁,民族,,119,本科一批,85633,110870,60165,57808,48911,53090,50008
692,民8（408）,西藏民族大学,陕西,民族,,988,本科二批,148869,141799,162953,134604,132176,106749,106749
694,体1（165）,上海体育学院,上海,体育,,793,本科一批,70771,87025,87025,87025,87025,87025,87025
695,体13（588）,哈尔滨体育学院,黑龙江,体育,,264,本科二批,211482,201440,209699,186172,221686,143623,143623
697,体3（308）,首都体育学院,北京,体育,,835,本科二批,121053,109540,109722,117903,98741,107956,107956
698,体4（417）,天津体育学院,天津,体育,,892,本科二批,137053,133199,136160,141173,130905,131857,131857
699,体4（417）,武汉体育学院,湖北,体育,,944,本科二批,128279,131782,127545,125497,120745,120398,120398
700,体6（432）,沈阳体育学院,辽宁,体育,,825,本科二批,171656,175789,182812,205421,156110,152681,152681
701,体7（462）,成都体育学院,四川,体育,,94,本科二批,141361,137488,143428,143825,183594,119224,119224
702,医1（16）,北京大学医学部,北京,医药,,42,本科一批,255,298,296,354,377,279,340
703,医10（99）,重庆医科大学,重庆,医药,,1214,本科二批,112446,90901,66504,73631,61855,45451,43618
704,医10（99）,重庆医科大学,重庆,医药,,1215,本科一批,26645,25056,20850,14133,11681,12715,15885
705,医11（101）,温州医科大学,浙江,医药,,916,本科一批,54949,53210,32636,49758,47284,27217,22707
706,医12（103）,北京中医药大学,北京,医药,,74,本科二批,79430,89567,89282,89282,89282,89282,89282
707,医12（103）,北京中医药大学,北京,医药,,75,本科一批,22560,18475,21457,24015,67539,15165,15418
708,医13（105）,河北医科大学,河北,医药,,315,本科二批,69571,82003,89282,88287,78633,72807,34642
709,医13（105）,河北医科大学,河北,医药,,316,本科一批,17248,17277,16510,17190,17781,19848,19848
710,医14（112）,大连医科大学,辽宁,医药,,121,本科一批,80734,33477,85649,27041,26681,25354,17326
711,医15（114）,广州医科大学,广东,医药,,226,本科一批,38526,30260,29151,30752,27863,27217,19945
712,医16（122）,南京中医药大学,江苏,医药,,630,本科一批,42114,37744,43018,43018,43018,43018,43018
713,医17（123）,安徽医科大学,安徽,医药,,15,本科一批,97392,16139,16048,16721,15197,13858,13675
714,医18（151）,广西医科大学,广西,医药,,213,本科二批,112446,106820,104489,114177,90665,83527,83527
715,医18（151）,广西医科大学,广西,医药,,214,本科一批,30319,46111,56118,36312,31818,27217,20472
716,医19（169）,广州中医药大学,广东,医药,,227,本科一批,39420,34290,26424,33449,25007,27217,23287
717,医2（45）,首都医科大学,北京,医药,,836,本科一批,16706,9653,4241,7828,7147,8840,5915
718,医20（177）,天津中医药大学,天津,医药,,900,本科一批,50842,56402,81012,37772,26681,27217,20472
719,医21（184）,浙江中医药大学,浙江,医药,,1135,本科一批,67119,49113,50338,53254,55546,55546,55546
720,医22（189）,福建医科大学,福建,医药,,158,本科一批,96108,51170,51294,76578,54663,34544,34544
721,医23（194）,沈阳药科大学,辽宁,医药,,826,本科一批,63644,64188,83314,88287,52168,32459,33947
722,医24（216）,徐州医科大学,江苏,医药,,1041,本科一批,52925,46111,25787,57808,57808,57808,57808
723,医25（219）,山西医科大学,山西,医药,,749,本科二批,171656,106820,94355,82846,95249,52155,50008
724,医25（219）,山西医科大学,山西,医药,,750,本科一批,38526,26493,55105,16721,16049,16037,12809
725,医26（225）,山东中医药大学,山东,医药,,736,本科二批,109592,94834,81012,85035,62794,60196,52958
726,医27（226）,新疆医科大学,新疆,医药,,1025,本科二批,131200,138907,117785,120408,119499,75897,59871
727,医27（226）,新疆医科大学,新疆,医药,,1026,本科一批,69571,84489,59191,83888,19731,23072,15885
728,医28（234）,锦州医科大学,辽宁,医药,,512,本科二批,118136,110870,99361,96023,130905,112969,65220
729,医29（238）,成都中医药大学,四川,医药,,98,本科一批,66016,75906,40404,48886,42570,21414,21030
730,医3（47）,南京医科大学,江苏,医药,,626,本科一批,10181,19083,19083,19083,19083,19083,19083
731,医30（239）,辽宁中医药大学,辽宁,医药,,562,本科二批,293683,116385,115107,124214,95249,102018,86368
732,医31（243）,宁夏医科大学,宁夏,医药,,666,本科一批,48861,51170,42168,41539,41539,41539,41539
733,医32（258）,江西中医药大学,江西,医药,,509,本科二批,115307,140403,108397,103118,94127,81346,72028
734,医32（258）,江西中医药大学,江西,医药,,510,本科一批,63644,61893,71851,71851,71851,71851,71851
735,医33（273）,湖南中医药大学,湖南,医药,,414,本科一批,46947,49113,65427,68522,41026,35978,35398
736,医34（276）,新乡医学院,河南,医药,,1031,本科一批,85633,68843,67572,58817,61855,33120,31055
737,医35（282）,河南中医药大学,河南,医药,,340,本科二批,165585,275609,104362,99938,99611,99611,99611
738,医35（282）,河南中医药大学,河南,医药,,341,本科一批,101319,90901,93105,82846,77638,61142,56764
739,医36（286）,湖北中医药大学,湖北,医药,,388,本科一批,66016,64188,61214,59764,44856,42986,51955
740,医37（293）,西南医科大学,四川,医药,,1007,本科二批,118136,141799,61992,61992,61992,61992,61992
741,医37（293）,西南医科大学,四川,医药,,1008,本科一批,37676,34290,38753,39257,38770,41335,41335
742,医38（302）,黑龙江中医药大学,黑龙江,医药,,358,本科二批,145875,137488,234488,121682,110810,155209,155209
743,医38（302）,黑龙江中医药大学,黑龙江,医药,,359,本科一批,83173,80773,107111,53254,51363,64867,64867
744,医39（315）,福建中医药大学,福建,医药,,159,本科二批,121053,104116,107111,101908,113302,80251,69728
745,医4（61）,天津医科大学,天津,医药,,896,本科一批,13845,16139,20850,12100,6906,9806,8065
746,医40（316）,安徽中医药大学,安徽,医药,,17,本科二批,111038,101503,100680,109212,108360,76938,70874
747,医41（319）,内蒙古医科大学,内蒙古,医药,,655,本科二批,144391,105494,105793,109212,183594,79105,81363
748,医42（324）,昆明医科大学,云南,医药,,529,本科二批,62527,72367,94355,73631,80816,46998,48104
749,医42（324）,昆明医科大学,云南,医药,,530,本科一批,43027,26493,43018,43018,43018,43018,43018
750,医43（327）,潍坊医学院,山东,医药,,910,本科二批,85633,116385,86875,90484,170472,59235,54810
751,医44（331）,长春中医药大学,吉林,医药,,1097,本科二批,148869,112391,111672,150662,91462,73170,73170
752,医44（331）,长春中医药大学,吉林,医药,,1098,本科一批,83173,63035,60165,70573,70573,70573,70573
753,医45（333）,湖北医药学院,湖北,医药,,386,本科二批,102673,96089,84432,103118,105972,72807,68584
754,医45（333）,遵义医科大学,贵州,医药,,1221,本科二批,108202,101503,105793,128060,52986,48733,55771
755,医45（333）,遵义医科大学,贵州,医药,,1222,本科一批,35958,38611,38753,48043,48043,48043,48043
756,医47（346）,贵州医科大学,贵州,医药,,238,本科二批,58092,92191,60165,79734,83016,61142,63075
757,医48（347）,陕西中医药大学,陕西,医药,,761,本科二批,101319,88293,93105,100709,78633,71835,68584
759,医49（352）,山东第一医科大学,山东,医药,,718,本科二批,119572,102795,100680,104362,125749,76938,72028
760,医5（62）,中国医科大学,辽宁,医药,,1179,本科一批,19481,19083,48470,81781,17352,13858,12809
761,医50（354）,广东医科大学,广东,医药,,199,本科二批,102673,93476,94355,98319,70430,67869,49040
762,医50（354）,广东医科大学,广东,医药,,200,本科一批,28854,25751,25153,28227,28512,34544,34544
763,医51（362）,滨州医学院,山东,医药,,78,本科二批,131200,119222,73020,100709,130905,65849,63075
764,医52（367）,川北医学院,四川,医药,,104,本科一批,54949,53210,62311,62311,62311,62311,62311
765,医53（369）,沈阳医学院,辽宁,医药,,827,本科二批,150381,102795,152213,94885,107188,69854,61992
766,医54（376）,桂林医学院,广西,医药,,250,本科二批,112446,102795,109722,88287,95249,76938,73170
767,医55（385）,成都医学院,四川,医药,,96,本科一批,35077,38611,40404,45525,45525,45525,45525
768,医56（387）,蚌埠医学院,安徽,医药,,28,本科二批,129750,122058,152213,94885,91807,75897,66329
769,医56（387）,蚌埠医学院,安徽,医药,,29,本科一批,41207,43222,47516,47516,47516,47516,47516
770,医57（390）,皖南医学院,安徽,医药,,907,本科二批,64821,61893,64379,65570,158692,58360,64177
771,医58（391）,济宁医学院,山东,医药,,476,本科二批,156390,108151,91816,112929,87270,79105,67428
772,医59（395）,广西中医药大学,广西,医药,,216,本科二批,123956,94834,95599,114177,80816,75897,70874
773,医6（78）,南方医科大学,广东,医药,,601,本科一批,55959,20308,18059,33449,15587,8536,13222
774,医60（404）,甘肃中医药大学,甘肃,医药,,174,本科二批,122496,109540,111061,142492,86229,84704,80151
775,医60（404）,甘肃中医药大学,甘肃,医药,,175,本科一批,70771,67627,61214,70573,70573,70573,70573
776,医61（408）,广东药科大学,广东,医药,,198,本科二批,135597,100103,100680,98319,64674,63017,57764
777,医62（415）,杭州医学院,浙江,医药,,286,本科二批,122496,92191,94355,98319,89544,89544,89544
778,医63（421）,河北中医学院,河北,医药,,317,本科二批,111038,98716,99361,112929,79696,84704,79003
779,医64（430）,海南医学院,海南,医药,,277,本科二批,132697,109540,119172,115409,141401,90348,90348
780,医64（430）,海南医学院,海南,医药,,278,本科一批,78166,52176,57178,49758,45681,42986,40216
781,医65（433）,承德医学院,河北,医药,,99,本科二批,118136,78357,88095,83888,154750,69854,67428
782,医66（436）,西安医学院,陕西,医药,,977,本科一批,46947,54281,54281,54281,54281,54281,54281
783,医67（444）,赣南医学院,江西,医药,,181,本科二批,129750,123435,200217,190262,73470,79105,72028
784,医67（444）,赣南医学院,江西,医药,,182,本科一批,51895,56402,53206,58817,58817,58817,58817
785,医68（467）,贵州中医药大学,贵州,医药,,240,本科二批,128279,104116,149279,91562,96438,93741,81363
786,医69（496）,云南中医药大学,云南,医药,,1079,本科二批,119572,108151,109722,114177,91807,93741,85077
787,医7（79）,哈尔滨医科大学,黑龙江,医药,,267,本科二批,80734,106820,55755,47198,47198,47198,47198
788,医7（79）,哈尔滨医科大学,黑龙江,医药,,268,本科一批,26645,36876,79803,34859,48116,15596,17326
789,医70（528）,河北北方学院,河北,医药,,292,本科二批,118136,96089,89282,105524,81919,75897,75897
790,医71（535）,牡丹江医学院,黑龙江,医药,,586,本科二批,221117,116385,113728,138568,129580,91462,80151
791,医72（548）,上海健康医学院,上海,医药,,781,本科一批,85633,75906,83314,96023,96023,96023,96023
792,医73（559）,齐齐哈尔医学院,黑龙江,医药,,679,本科二批,198637,119222,119172,121682,105972,104424,76618
793,医74（564）,右江民族医学院,广西,医药,,1063,本科二批,229192,101503,113728,184787,85142,89200,77740
794,医75（571）,山西中医药大学,山西,医药,,752,本科二批,126766,108151,105793,105524,97599,84704,84704
795,医75（571）,山西中医药大学,山西,医药,,753,本科一批,43977,47088,51294,56901,56901,56901,56901
796,医76+（600+）,长治医学院,山西,医药,,1109,本科二批,94763,98716,99361,110417,127030,78012,68584
797,医76+（600+）,甘肃医学院,甘肃,医药,,171,本科二批,112446,101503,103209,93772,101077,101077,101077
798,医76+（600+）,湖南医药学院,湖南,医药,,412,本科二批,113880,94834,101963,154476,86229,90348,80151
799,医76+（600+）,吉林医药学院,吉林,医药,,467,本科二批,189083,117811,115107,116652,127030,84704,77740
800,医76+（600+）,南昌医学院,江西,医药,,598,本科二批,118136,158828,259513,141173,165297,165297,165297
801,医76+（600+）,内蒙古科技大学包头医学院,内蒙古,医药,,651,本科二批,154848,126208,124682,143825,92959,89200,77740
802,医76+（600+）,新疆第二医学院,新疆,医药,,1018,本科二批,134151,174394,192243,204059,188865,188865,188865
803,医8（91）,中国药科大学,江苏,医药,,1178,本科一批,23232,22973,23239,18167,16897,15596,15418
804,医9（94）,上海中医药大学,上海,医药,,801,本科一批,28854,27221,25787,44734,35233,23657,24496
805,语1（82）,北京外国语大学,北京,语言,,67,本科一批,10535,9653,11615,6252,4917,4881,5681
806,语10（293）,四川外国语大学,重庆,语言,,851,本科一批,46947,53210,35574,29486,27863,30395,29617
807,语11（308）,大连外国语大学,辽宁,语言,,120,本科一批,55959,50132,66504,35578,33135,35978,35978
808,语12（365）,浙江传媒学院,浙江,语言,,1116,本科二批,98686,93476,90542,81781,83016,72807,68584
809,语13（395）,浙江外国语学院,浙江,语言,,1132,本科二批,106846,93476,93105,78689,97599,53976,63075
810,语14（491）,中华女子学院,北京,语言,,1181,本科二批,115307,108151,107111,104362,90665,81346,74303
811,语14+（600+）,呼和浩特民族学院,内蒙古,语言,,363,本科二批,206643,195845,256652,183409,183594,163055,163055
812,语14+（600+）,湖南女子学院,湖南,语言,,406,本科二批,156390,146141,152213,135954,129580,148755,148755
813,语2（84）,中国传媒大学,北京,语言,,1153,本科一批,14767,16139,10848,10714,9994,10810,11268
814,语3（93）,上海外国语大学,上海,语言,,794,本科一批,10919,11903,14629,6498,5925,6585,6917
815,语5（137）,北京语言大学,北京,语言,,73,本科一批,30319,32658,34852,22847,19731,19367,22155
816,语6（158）,广东外语外贸大学,广东,语言,,196,本科一批,33462,35994,8150,25200,21699,19367,21585
817,语7（188）,北京第二外国语学院,北京,语言,,43,本科一批,42114,52176,25787,28843,19731,20370,22707
818,语8（285）,天津外国语大学,天津,语言,,894,本科一批,58092,38611,37129,34859,33135,29092,28940
819,语8（285）,西安外国语大学,陕西,语言,,973,本科一批,34265,33477,41266,27041,25007,27849,27001
820,政1（52）,中国政法大学,北京,政法,,1180,本科一批,9815,7724,6574,6252,5717,5116,5915
821,政10（429）,中国劳动关系学院,北京,政法,,1165,本科二批,113880,104116,103209,100709,88395,81346,77740
823,政11（500）,江苏警官学院,江苏,政法,,489,本科二批,104040,105494,105793,106733,81919,82440,81363
824,政12（511）,广东警官学院,广东,政法,,191,本科二批,89520,92191,91816,88287,80816,75897,73170
825,政15（547）,四川警察学院,四川,政法,,844,本科二批,126766,134593,134593,134593,134593,134593,134593
826,政16（588）,山东政法学院,山东,政法,,735,本科二批,109592,105494,103209,119108,86229,74886,76618
827,政17+（600+）,福建警察学院,福建,政法,,151,本科二批,137053,135998,147855,151756,151756,151756,151756
828,政17+（600+）,广西警察学院,广西,政法,,205,本科二批,150381,178596,178596,178596,178596,178596,178596
829,政17+（600+）,贵州警察学院,贵州,政法,,234,本科二批,131200,141799,165929,165929,165929,165929,165929
830,政17+（600+）,吉林警察学院,吉林,政法,,461,本科二批,125339,127600,141960,138568,132176,135713,135713
831,政17+（600+）,云南警官学院,云南,政法,,1072,本科二批,118136,120651,115107,116652,120745,110437,110437
832,政2（132）,华东政法大学,上海,政法,,430,本科一批,25226,25056,19118,22262,18265,20871,22155
833,政3（148）,西南政法大学,重庆,政法,,1009,本科一批,18358,22973,25153,17669,16897,21975,22155
834,政4（244）,西北政法大学,陕西,政法,,986,本科一批,22560,25056,25153,25200,25007,26585,26321
835,政6（285）,上海政法学院,上海,政法,,799,本科一批,41207,39525,41266,38484,38770,40557,41066
836,政7（387）,甘肃政法大学,甘肃,政法,,172,本科二批,115307,110870,112391,117903,107188,120398,120398
837,政7（387）,甘肃政法大学,甘肃,政法,,173,本科一批,69571,83217,83217,83217,83217,83217,83217
838,政9（413）,中国人民警察大学,河北,政法,,1173,本科一批,80734,80773,80773,80773,80773,80773,80773
