,name,batch,2021,2020,2019,2018,2017,2016,2015
0,阿坝师范学院,本科二批,185975,184345,187430,190262,190262,190262,190262
1,安徽财经大学,本科一批,57047,56402,58177,81781,39472,31071,31055
2,安徽大学,本科一批,25226,22973,22024,22847,21699,22540,22155
3,安徽工程大学,本科二批,132697,105494,108397,117903,96438,98426,98426
4,安徽工业大学,本科一批,63644,64188,61214,45525,45681,43820,43618
5,安徽建筑大学,本科一批,68314,72367,83314,83314,83314,83314,83314
6,安徽科技学院,本科二批,295123,113569,113728,120408,101077,100834,100834
7,安徽理工大学,本科一批,61408,59698,63318,64596,43306,39774,38616
8,安徽农业大学,本科二批,263892,104116,103209,105524,98741,102018,102018
9,安徽农业大学,本科一批,85633,102795,102795,102795,102795,102795,102795
10,安徽三联学院,本科二批,268493,268493,268493,268493,268493,268493,268493
11,安徽师范大学,本科一批,51895,52176,53206,69535,69535,69535,69535
12,安徽外国语学院,本科二批,295123,201440,171994,162553,165297,165297,165297
13,安徽文达信息工程学院,本科二批,260851,261238,272463,222903,222903,222903,222903
14,安徽新华学院,本科二批,296564,250424,280520,240874,240874,240874,240874
15,安徽医科大学,本科一批,97392,16139,16048,16721,15197,13858,13675
16,安徽艺术学院,本科二批,203404,203404,203404,203404,203404,203404,203404
17,安徽中医药大学,本科二批,111038,101503,100680,109212,108360,76938,70874
18,安康学院,本科二批,184349,154550,158333,154476,149264,147444,147444
19,安庆师范大学,本科二批,105431,105494,113728,115409,118247,127998,127998
20,安顺学院,本科二批,214734,184345,185877,172231,179649,152681,152681
21,安阳工学院,本科二批,197054,174394,176534,170826,235169,137044,137044
22,安阳工学院,本科一批,116712,116712,116712,116712,116712,116712,116712
23,安阳师范学院,本科二批,154848,143264,150749,147736,142717,143623,143623
24,鞍山师范学院,本科二批,182785,175789,181267,184787,154750,152681,152681
25,白城师范学院,本科二批,192193,184345,185877,176425,173111,163055,163055
26,百色学院,本科二批,185975,181490,185877,198558,198558,198558,198558
27,蚌埠工商学院,本科二批,248295,269150,141960,146450,153391,153391,153391
28,蚌埠医学院,本科二批,129750,122058,152213,94885,91807,75897,66329
29,蚌埠医学院,本科一批,41207,43222,47516,47516,47516,47516,47516
30,宝鸡文理学院,本科二批,153381,128942,133227,133310,133484,161742,161742
31,保定理工学院,本科二批,273082,273082,273082,273082,273082,273082,273082
32,保定学院,本科二批,153381,140403,141960,162553,128280,135713,135713
33,北部湾大学,本科二批,148869,143264,155299,161238,164009,161742,161742
34,北方工业大学,本科一批,35958,35994,30538,30752,29805,28432,28267
35,北方民族大学,本科二批,139904,144698,127545,129399,119499,124155,124155
36,北方民族大学,本科一批,96108,109540,109540,109540,109540,109540,109540
37,北海艺术设计学院,本科二批,271535,271775,272463,244748,250171,250171,250171
38,北华大学,本科二批,145875,116385,225127,107979,98741,99611,83871
39,北华航天工业学院,本科二批,121053,110870,109722,107979,98741,91462,81363
40,北京城市学院,本科二批,237132,202887,187430,198558,199075,199075,199075
41,北京大学,本科一批,111,107,96,95,103,84,77
42,北京大学医学部,本科一批,255,298,296,354,377,279,340
43,北京第二外国语学院,本科一批,42114,52176,25787,28843,19731,20370,22707
44,北京第二外国语学院中瑞酒店管理学院,本科二批,295123,285539,277885,265175,265175,265175,265175
45,北京服装学院,本科二批,119572,116385,104489,106733,87270,81346,77740
46,北京工商大学,本科一批,41207,40431,34852,32759,26093,26585,27001
47,北京工商大学嘉华学院,本科二批,286455,285539,275178,261356,255748,255748,255748
48,北京工业大学,本科一批,12952,12897,11615,11056,12032,11908,12809
49,北京工业大学耿丹学院,本科二批,282125,283127,208112,216449,188865,188865,188865
50,北京航空航天大学,本科一批,1046,1159,1275,1146,4722,1148,1200
51,北京化工大学,本科一批,18358,16139,14629,13715,13936,13858,14104
52,北京建筑大学,本科一批,40304,41377,33407,32011,29805,29092,25115
53,北京交通大学,本科一批,12135,12396,9020,7555,7688,7677,7763
54,北京科技大学,本科一批,12135,11437,10848,10013,9372,8536,8640
55,北京科技大学天津学院,本科二批,230786,227021,222067,210923,196567,196567,196567
56,北京理工大学,本科一批,2055,2065,2638,2928,3561,3138,3195
57,北京理工大学珠海学院,本科二批,233927,158828,161404,168099,171775,171775,171775
58,北京理工大学珠海学院,本科一批,108202,109540,107111,107111,107111,107111,107111
59,北京联合大学,本科二批,105431,98716,113728,66544,66578,68889,68889
60,北京联合大学,本科一批,55959,47088,57178,34859,31135,32459,33222
61,北京林业大学,本科一批,28109,40431,19118,17190,17352,16963,18345
62,北京农学院,本科二批,116712,109540,108397,111672,87270,83527,79003
63,北京师范大学,本科一批,8107,8107,8107,8107,8107,8107,8107
64,北京师范大学-香港浸会大学联合国际学院,本科一批,102673,108151,54123,61855,65849,58832,58832
65,北京石油化工学院,本科二批,115307,101503,93105,98319,83016,71835,59871
66,北京体育大学,本科一批,50842,50842,50842,50842,50842,50842,50842
67,北京外国语大学,本科一批,10535,9653,11615,6252,4917,4881,5681
68,北京物资学院,本科一批,69571,45122,43018,48886,37276,35978,35398
69,北京信息科技大学,本科一批,33462,31039,29151,28227,27258,28432,28940
70,北京印刷学院,本科一批,62527,57472,64379,48886,48911,49591,46332
71,北京邮电大学,本科一批,5337,5463,5342,5348,5119,4881,4817
72,北京邮电大学世纪学院,本科二批,280640,284340,247892,239549,204233,204233,204233
73,北京语言大学,本科一批,30319,32658,34852,22847,19731,19367,22155
74,北京中医药大学,本科二批,79430,89567,89282,89282,89282,89282,89282
75,北京中医药大学,本科一批,22560,18475,21457,24015,67539,15165,15418
76,北京中医药大学东方学院,本科二批,198637,144698,139124,139883,144009,144009,144009
77,滨州学院,本科二批,283600,147501,141960,163888,124488,126705,126705
78,滨州医学院,本科二批,131200,119222,73020,100709,130905,65849,63075
79,亳州学院,本科二批,184349,179984,204917,170826,170826,170826,170826
80,渤海大学,本科二批,125339,114968,107111,105524,101077,100834,82619
81,沧州交通学院,本科二批,254608,215801,215808,181968,178298,178298,178298
82,沧州师范学院,本科二批,164055,164447,170400,173642,156110,152681,152681
83,昌吉学院,本科二批,217907,205778,229909,187538,183594,163055,163055
84,常熟理工学院,本科二批,125339,113569,113728,115409,97599,97211,97211
85,常州大学,本科一批,116712,49113,48470,47211,47284,46998,41898
86,常州大学怀德学院,本科二批,209890,210109,209699,212276,218091,218091,218091
87,常州工学院,本科二批,123956,109540,108397,112929,99938,102018,102018
88,巢湖学院,本科二批,297990,138907,134658,137269,132176,129271,129271
89,成都大学,本科一批,49827,46111,51294,59764,69405,69405,69405
90,成都东软学院,本科二批,201854,198608,197053,199851,200354,200354,200354
91,成都工业学院,本科二批,108202,104116,103209,101908,92959,93741,93741
92,成都理工大学,本科一批,28854,29485,31945,31384,31818,33816,34642
93,成都理工大学工程技术学院,本科二批,195410,195845,192243,181968,175678,175678,175678
94,成都体育学院,本科二批,141361,137488,143428,143825,183594,119224,119224
95,成都信息工程大学,本科一批,42114,38611,41266,45525,51363,51363,51363
96,成都医学院,本科一批,35077,38611,40404,45525,45525,45525,45525
97,成都银杏酒店管理学院,本科二批,277505,231205,262381,208167,210636,210636,210636
98,成都中医药大学,本科一批,66016,75906,40404,48886,42570,21414,21030
99,承德医学院,本科二批,118136,78357,88095,83888,154750,69854,67428
100,池州学院,本科二批,276009,146141,153726,153104,147954,151353,151353
101,赤峰学院,本科二批,208283,188599,206509,179170,195300,160352,160352
102,滁州学院,本科二批,131200,122058,124682,128060,110810,111724,111724
103,楚雄师范学院,本科二批,195410,184345,176534,176425,166587,161742,161742
104,川北医学院,本科一批,54949,53210,62311,62311,62311,62311,62311
105,大理大学,本科二批,138510,110870,108397,105524,103612,93741,93741
106,大连财经学院,本科二批,265432,259953,258045,266423,200354,200354,200354
107,大连大学,本科二批,109592,101503,94355,92631,91807,70854,64177
108,大连东软信息学院,本科二批,269968,262570,266754,257477,230381,230381,230381
109,大连工业大学,本科一批,60300,59698,63318,75582,75582,75582,75582
110,大连工业大学艺术与信息工程学院,本科二批,277505,274383,276546,246011,261217,261217,261217
111,大连海事大学,本科一批,25941,29485,90542,22847,20716,19367,20472
112,大连海洋大学,本科二批,131200,112214,109722,106733,89544,84704,75468
113,大连交通大学,本科二批,112446,101503,101503,101503,101503,101503,101503
114,大连交通大学,本科一批,53926,53210,64379,41539,41026,33816,31751
115,大连科技学院,本科二批,273082,279339,253798,230105,204233,204233,204233
116,大连理工大学,本科一批,9067,9274,8715,7555,8813,6071,6391
117,大连理工大学城市学院,本科二批,256159,258623,279199,193026,164009,164009,164009
118,大连民族大学,本科二批,104040,102795,105793,92631,86229,82440,82619
119,大连民族大学,本科一批,85633,110870,60165,57808,48911,53090,50008
120,大连外国语大学,本科一批,55959,50132,66504,35578,33135,35978,35978
121,大连医科大学,本科一批,80734,33477,85649,27041,26681,25354,17326
122,大连医科大学中山学院,本科二批,227590,198608,178112,153104,150662,150662,150662
123,大庆师范学院,本科二批,192193,187213,195442,181968,173111,160352,160352
124,德州学院,本科二批,165585,158828,161404,162553,157415,146130,146130
125,滇西科技师范学院,本科二批,189083,200217,181968,182265,182265,182265,182265
126,滇西应用技术大学,本科二批,179665,181490,203316,203316,203316,203316,203316
127,电子科技大学,本科一批,4219,4594,4877,5348,6409,6071,7172
128,电子科技大学成都学院,本科二批,154848,148936,155299,162553,167915,167915,167915
129,电子科技大学中山学院,本科二批,240321,239641,200217,187538,184879,184879,184879
130,东北财经大学,本科一批,29573,31866,22618,21709,24410,13858,14104
131,东北大学,本科一批,10919,11903,12858,12496,12392,11526,12020
132,东北大学秦皇岛分校,本科一批,17248,17277,18059,19586,20716,21414,22707
133,东北电力大学,本科一批,61408,48117,48470,48043,45681,40557,40216
134,东北林业大学,本科一批,33462,33477,35574,36312,38770,39011,38616
135,东北农业大学,本科一批,37676,38611,42168,42341,44062,43820,43618
136,东北师范大学,本科一批,25226,28686,27095,51463,25007,27217,26321
137,东北石油大学,本科一批,116712,77140,77523,69535,79696,52155,48104
138,东莞理工学院,本科一批,52925,50132,46572,52387,58183,58183,58183
139,东莞理工学院城市学院,本科二批,293683,229756,228295,226120,219274,219274,219274
140,东华大学,本科一批,16166,16698,15084,13715,13549,13858,14537
141,东华理工大学,本科一批,116712,52176,53206,55962,58183,70854,70854
142,东南大学,本科一批,4219,4347,4651,3960,4346,4259,4234
143,东南大学成贤学院,本科二批,165585,158828,156834,157199,165297,165297,165297
144,对外经济贸易大学,本科一批,6374,8900,76393,2652,2627,3138,3346
145,鄂尔多斯应用技术学院,本科二批,213085,190039,193825,191652,191652,191652,191652
146,防灾科技学院,本科二批,128279,127600,130391,130659,134821,134428,134428
147,佛山科学技术学院,本科二批,132697,138907,279199,111672,107188,120398,120398
148,福建工程学院,本科二批,145875,163015,279199,111672,107188,94891,94891
149,福建技术师范学院,本科二批,185975,204297,204297,204297,204297,204297,204297
150,福建江夏学院,本科二批,142881,127600,129013,128060,125749,106749,106749
151,福建警察学院,本科二批,137053,135998,147855,151756,151756,151756,151756
152,福建农林大学,本科二批,145875,124788,130391,120408,114586,121631,121631
153,福建农林大学,本科一批,80734,87025,53206,52387,53804,52155,56764
154,福建农林大学金山学院,本科二批,235515,247757,240565,234204,235169,235169,235169
155,福建商学院,本科二批,147350,128942,13,129399,124488,124155,124155
156,福建师范大学,本科一批,43027,46111,44724,40745,42570,45451,45373
157,福建师范大学协和学院,本科二批,227590,231205,229909,230105,216850,216850,216850
158,福建医科大学,本科一批,96108,51170,51294,76578,54663,34544,34544
159,福建中医药大学,本科二批,121053,104116,107111,101908,113302,80251,69728
160,福州大学,本科一批,26645,22276,20281,17669,17352,17427,19429
161,福州大学至诚学院,本科二批,224338,221408,215808,210923,210636,213996,213996
162,福州工商学院,本科二批,269968,274383,229909,242153,241986,241986,241986
163,福州理工学院,本科二批,257747,259953,265263,246011,247811,247811,247811
164,福州外语外贸学院,本科二批,265432,262570,269668,242153,246709,246709,246709
165,阜阳师范大学,本科二批,135597,131782,137646,139883,137486,138336,138336
166,阜阳师范大学信息工程学院,本科二批,289382,205778,222067,222067,222067,222067,222067
167,复旦大学,本科一批,227,298,173,230,417,232,243
168,复旦大学上海医学院,本科一批,472,443,220,319,277,277,277
169,甘肃民族师范学院,本科二批,190631,184345,189057,180543,175678,175678,175678
170,甘肃农业大学,本科二批,287920,134593,130391,129399,124488,129271,129271
171,甘肃医学院,本科二批,112446,101503,103209,93772,101077,101077,101077
172,甘肃政法大学,本科二批,115307,110870,112391,117903,107188,120398,120398
173,甘肃政法大学,本科一批,69571,83217,83217,83217,83217,83217,83217
174,甘肃中医药大学,本科二批,122496,109540,111061,142492,86229,84704,80151
175,甘肃中医药大学,本科一批,70771,67627,61214,70573,70573,70573,70573
176,赣东学院,本科二批,181262,211459,212792,198558,187480,187480,187480
177,赣南科技学院,本科二批,176475,208687,211300,220635,196567,196567,196567
178,赣南师范大学,本科二批,125339,120651,120507,119108,119499,130602,130602
179,赣南师范大学,本科一批,75663,82003,91816,91816,91816,91816,91816
180,赣南师范大学科技学院,本科二批,195410,205778,204917,215061,218091,218091,218091
181,赣南医学院,本科二批,129750,123435,200217,190262,73470,79105,72028
182,赣南医学院,本科一批,51895,56402,53206,58817,58817,58817,58817
183,广东财经大学,本科一批,53926,53926,53926,53926,53926,53926,53926
184,广东第二师范学院,本科二批,118136,108151,121682,105972,105972,105972,105972
185,广东东软学院,本科二批,260851,275609,243516,244748,244748,244748,244748
186,广东工业大学,本科一批,40304,40431,31251,31384,30474,31811,31751
187,广东工业大学华立学院,本科二批,268493,281879,220514,210923,202904,202904,202904
188,广东海洋大学,本科二批,128279,113569,109722,107979,96438,94891,94891
189,广东技术师范大学,本科二批,112446,105494,108397,108397,108397,108397,108397
190,广东金融学院,本科二批,121053,84489,67572,69535,57297,53976,50008
191,广东警官学院,本科二批,89520,92191,91816,88287,80816,75897,73170
192,广东科技学院,本科二批,257747,255937,222067,210923,211839,211839,211839
193,广东理工学院,本科二批,260851,247757,249416,251170,187480,187480,187480
194,广东培正学院,本科二批,274530,238237,243516,248595,248595,248595,248595
195,广东石油化工学院,本科二批,142881,122058,123275,115409,108360,107956,107956
196,广东外语外贸大学,本科一批,33462,35994,8150,25200,21699,19367,21585
197,广东外语外贸大学南国商学院,本科二批,254608,247757,198658,193026,204233,204233,204233
198,广东药科大学,本科二批,135597,100103,100680,98319,64674,63017,57764
199,广东医科大学,本科二批,102673,93476,94355,98319,70430,67869,49040
200,广东医科大学,本科一批,28854,25751,25153,28227,28512,34544,34544
201,广东以色列理工学院,本科一批,109592,65365,43018,44734,65637,65637,65637
202,广西财经学院,本科二批,129750,120651,124682,150408,91807,85827,81363
203,广西城市职业大学,本科二批,276009,276009,276009,276009,276009,276009,276009
204,广西大学,本科一批,28109,28686,28476,28227,31818,29092,28940
205,广西警察学院,本科二批,150381,178596,178596,178596,178596,178596,178596
206,广西科技大学,本科二批,148869,114968,115107,109212,120745,99611,99611
207,广西科技师范学院,本科二批,181262,181490,197053,175046,170472,170472,170472
208,广西民族大学,本科二批,151865,123435,134658,116652,113302,116656,116656
209,广西民族大学相思湖学院,本科二批,243532,255937,256652,239549,237432,237432,237432
210,广西师范大学,本科二批,109592,104116,88095,94885,89544,94891,94891
211,广西师范大学漓江学院,本科二批,241940,245038,258045,258045,258045,258045,258045
212,广西外国语学院,本科二批,262361,267893,252264,219285,219274,219274,219274
213,广西医科大学,本科二批,112446,106820,104489,114177,90665,83527,83527
214,广西医科大学,本科一批,30319,46111,56118,36312,31818,27217,20472
215,广西艺术学院,本科二批,190631,197169,204917,204917,204917,204917,204917
216,广西中医药大学,本科二批,123956,94834,95599,114177,80816,75897,70874
217,广西中医药大学赛恩斯新医药学院,本科二批,219532,211459,208112,191652,188865,188865,188865
218,广州城市理工学院,本科二批,297990,225637,198658,180543,184879,184879,184879
219,广州大学,本科一批,40304,35994,34852,29486,29156,29719,29617
220,广州工商学院,本科二批,276009,278111,278111,278111,278111,278111,278111
221,广州华商学院,本科二批,273082,228392,214312,201281,194034,194034,194034
222,广州南方学院,本科二批,284988,197169,184336,180543,183594,177073,177073
223,广州软件学院,本科二批,203404,202887,192243,188928,187480,187480,187480
224,广州商学院,本科二批,232325,207250,212792,206814,200354,200354,200354
225,广州新华学院,本科二批,292189,229756,198658,199851,195300,195300,195300
226,广州医科大学,本科一批,38526,30260,29151,30752,27863,27217,19945
227,广州中医药大学,本科一批,39420,34290,26424,33449,25007,27217,23287
228,贵阳学院,本科二批,173219,143264,144952,137269,137486,142305,142305
229,贵州财经大学,本科二批,200256,191461,253689,85142,84704,84704,84704
230,贵州财经大学商务学院,本科二批,211482,202887,204917,201281,204233,204233,204233
231,贵州大学,本科一批,27341,27959,29841,38484,27258,27217,27645
232,贵州大学明德学院,本科二批,297990,197169,201696,198558,204233,204233,204233
233,贵州工程应用技术学院,本科二批,189083,187213,226764,151756,146666,137044,137044
234,贵州警察学院,本科二批,131200,141799,165929,165929,165929,165929,165929
235,贵州理工学院,本科二批,151865,144698,176534,126800,118247,117948,117948
236,贵州商学院,本科二批,217907,158828,159888,154476,141401,148755,148755
237,贵州师范学院,本科二批,151865,144698,164407,168099,141401,151353,151353
238,贵州医科大学,本科二批,58092,92191,60165,79734,83016,61142,63075
239,贵州医科大学神奇民族医药学院,本科二批,132697,138907,141960,137269,146666,146666,146666
240,贵州中医药大学,本科二批,128279,104116,149279,91562,96438,93741,81363
241,贵州中医药大学时珍学院,本科二批,201854,208687,223648,223648,223648,223648,223648
242,桂林电子科技大学,本科二批,94763,89567,86875,91562,78633,68889,60948
243,桂林电子科技大学,本科一批,41207,41377,43018,43915,47284,49591,49591
244,桂林电子科技大学信息科技学院,本科二批,266965,207250,211300,213704,211839,211839,211839
245,桂林航天工业学院,本科二批,150381,133199,131781,126800,114586,111724,111724
246,桂林理工大学,本科二批,109592,112214,100680,100709,97599,131857,75468
247,桂林理工大学,本科一批,80734,92191,92191,92191,92191,92191,92191
248,桂林理工大学博文管理学院,本科二批,296564,238237,235936,228766,227874,227874,227874
249,桂林旅游学院,本科二批,214734,182908,190661,191652,158692,157809,157809
250,桂林医学院,本科二批,112446,102795,109722,88287,95249,76938,73170
251,国防科技大学,本科一批,4428,4878,4436,4329,4329,4329,4329
252,哈尔滨工程大学,本科一批,16706,17277,18059,16314,17781,15165,15885
253,哈尔滨工业大学,本科一批,3232,3375,4651,6498,3028,2827,2379
254,哈尔滨工业大学（深圳）,本科一批,1730,1919,2497,2497,2497,2497,2497
255,哈尔滨工业大学（威海）,本科一批,6621,7373,8715,9681,10979,11152,11268
256,哈尔滨广厦学院,本科二批,273082,281879,265263,261356,261356,261356,261356
257,哈尔滨华德学院,本科二批,273082,273118,266754,266423,236337,236337,236337
258,哈尔滨剑桥学院,本科二批,277505,269150,272463,253689,246709,246709,246709
259,哈尔滨金融学院,本科二批,165585,155958,162953,150408,120745,102018,82619
260,哈尔滨理工大学,本科一批,58092,50132,51294,52387,55546,63936,63936
261,哈尔滨商业大学,本科一批,86942,74766,71851,75582,58183,49591,48104
262,哈尔滨师范大学,本科二批,123956,113569,115107,107979,102355,104424,104424
263,哈尔滨石油学院,本科二批,277505,269150,269668,249880,261217,261217,261217
264,哈尔滨体育学院,本科二批,211482,201440,209699,186172,221686,143623,143623
265,哈尔滨信息工程学院,本科二批,273082,267893,269668,251170,250171,250171,250171
266,哈尔滨学院,本科二批,198637,157359,158333,147736,132176,129271,129271
267,哈尔滨医科大学,本科二批,80734,106820,55755,47198,47198,47198,47198
268,哈尔滨医科大学,本科一批,26645,36876,79803,34859,48116,15596,17326
269,哈尔滨远东理工学院,本科二批,277505,269150,262381,262622,232766,232766,232766
270,海口经济学院,本科二批,286455,267893,275178,240874,232766,232766,232766
271,海南大学,本科二批,79430,78357,82193,77679,77638,72807,72028
272,海南大学,本科一批,30319,31039,33407,42341,33844,33816,33222
273,海南科技职业大学,本科二批,279013,269150,276546,276546,276546,276546,276546
274,海南热带海洋学院,本科二批,217907,138907,140526,134604,130905,137044,137044
275,海南师范大学,本科二批,132697,109540,105793,106733,107188,111724,111724
276,海南师范大学,本科一批,71998,73543,78652,91562,91562,91562,91562
277,海南医学院,本科二批,132697,109540,119172,115409,141401,90348,90348
278,海南医学院,本科一批,78166,52176,57178,49758,45681,42986,40216
279,邯郸学院,本科二批,201854,167247,171994,186172,137486,137486,137486
280,韩山师范学院,本科二批,216337,148936,145144,141401,155209,155209,155209
281,汉江师范学院,本科二批,156390,153171,165929,168099,169165,169165,169165
282,汉口学院,本科二批,297990,220020,206509,204059,200354,200354,200354
283,杭州电子科技大学,本科一批,24547,21581,20281,21709,22210,23657,24496
284,杭州电子科技大学信息工程学院,本科二批,262361,174394,168910,172231,167915,167915,167915
285,杭州师范大学,本科一批,40304,34290,34852,34859,36597,39774,40216
286,杭州医学院,本科二批,122496,92191,94355,98319,89544,89544,89544
287,合肥城市学院,本科二批,296564,207250,206509,217868,202904,202904,202904
288,合肥工业大学,本科一批,21866,21581,23893,18611,19731,16963,16829
289,合肥工业大学宣城校区,本科一批,27341,26493,27764,25200,25007,25979,27001
290,合肥师范学院,本科二批,259330,128942,130391,129399,128280,131857,131857
291,合肥学院,本科二批,111038,108151,107111,114177,98741,100834,100834
292,河北北方学院,本科二批,118136,96089,89282,105524,81919,75897,75897
293,河北大学,本科一批,43027,48117,57178,39257,39472,39774,37776
294,河北地质大学,本科二批,123956,110870,111061,116652,101077,91462,91462
295,河北地质大学华信学院,本科二批,257747,235408,234488,232837,226678,226678,226678
296,河北东方学院,本科二批,243532,232685,237441,234204,221686,221686,221686
297,河北工程大学,本科二批,126766,104116,104489,107979,92959,90348,76618
298,河北工程大学,本科一批,71998,59698,57178,56901,51363,49591,44499
299,河北工程大学科信学院,本科二批,198637,191461,198658,186172,173111,173111,173111
300,河北工程技术学院,本科二批,295123,207250,215808,226120,236337,236337,236337
301,河北工业大学,本科一批,19481,19083,18059,26389,18265,17427,18345
302,河北环境工程学院,本科二批,179665,141799,141960,143825,140090,147444,147444
303,河北建筑工程学院,本科二批,296564,119222,115107,115409,102355,104424,104424
304,河北金融学院,本科二批,122496,113569,117785,145144,86229,78012,75468
305,河北经贸大学,本科二批,109592,92191,90542,96023,79696,60196,54810
306,河北科技大学,本科一批,116712,54281,51294,45525,46474,44640,42781
307,河北科技学院,本科二批,276009,276009,276009,276009,276009,276009,276009
308,河北民族师范学院,本科二批,292189,171454,189057,168099,162718,156507,156507
309,河北农业大学,本科二批,121053,114968,108397,115409,96438,99611,99611
310,河北师范大学,本科一批,61408,59698,58177,72572,72572,72572,72572
311,河北师范大学汇华学院,本科二批,187565,187213,193825,183409,175678,175678,175678
312,河北石油职业技术大学,本科二批,190631,190631,190631,190631,190631,190631,190631
313,河北水利电力学院,本科二批,129750,126208,130391,128060,120745,133138,133138
314,河北外国语学院,本科二批,265432,279339,209699,188928,187480,187480,187480
315,河北医科大学,本科二批,69571,82003,89282,88287,78633,72807,34642
316,河北医科大学,本科一批,17248,17277,16510,17190,17781,19848,19848
317,河北中医学院,本科二批,111038,98716,99361,112929,79696,84704,79003
318,河池学院,本科二批,225988,182908,184336,179170,167915,160352,160352
319,河海大学,本科一批,17797,18475,15554,14591,14743,14274,14962
320,河南财经政法大学,本科一批,63644,59698,56118,52387,49710,46998,43618
321,河南财政金融学院,本科二批,164055,151757,156834,150408,145330,152681,152681
322,河南城建学院,本科二批,224338,158828,164407,161238,152038,143623,143623
323,河南城建学院,本科一批,115307,110870,107111,100709,100709,100709,100709
324,河南大学,本科一批,36819,37744,40404,39974,41790,39011,37776
325,河南工程学院,本科二批,164055,138907,136160,130659,121994,120398,120398
326,河南工学院,本科二批,185975,175789,178112,173642,162718,163055,163055
327,河南工业大学,本科一批,80734,77140,78652,72572,67539,60196,54810
328,河南开封科技传媒学院,本科二批,251493,204297,206509,205421,183594,183594,183594
329,河南科技大学,本科二批,138510,130372,92959,90348,79003,79003,79003
330,河南科技大学,本科一批,79430,69982,71851,67520,59993,56631,50997
331,河南科技学院,本科二批,263892,153171,152213,145144,133484,129271,129271
332,河南科技学院,本科一批,109592,106820,107111,124214,124214,124214,124214
333,河南科技学院新科学院,本科二批,297990,211459,203316,198558,192768,192768,192768
334,河南科技职业大学,本科二批,273082,267893,333108,333108,333108,333108,333108
335,河南理工大学,本科一批,92075,90901,90542,88287,80816,68889,59871
336,河南牧业经济学院,本科二批,181262,168670,171994,170826,157415,156507,156507
337,河南农业大学,本科一批,104040,100103,101963,98319,87270,92622,82619
338,河南师范大学,本科二批,144391,137488,147855,142492,105972,103213,103213
339,河南师范大学,本科一批,70771,69982,76393,76578,73470,62030,59871
340,河南中医药大学,本科二批,165585,275609,104362,99938,99611,99611,99611
341,河南中医药大学,本科一批,101319,90901,93105,82846,77638,61142,56764
342,河套学院,本科二批,189083,194389,201696,183409,200354,200354,200354
343,河西学院,本科二批,184349,178596,185877,169476,166587,157809,157809
344,菏泽学院,本科二批,168671,158828,158333,159838,160061,152681,152681
345,贺州学院,本科二批,213085,182908,193825,187538,169165,161742,161742
346,黑河学院,本科二批,198637,185784,192243,181968,164009,160352,160352
347,黑龙江八一农垦大学,本科二批,162483,157359,161404,150408,142717,144846,144846
348,黑龙江财经学院,本科二批,273082,269150,260916,263895,224167,224167,224167
349,黑龙江大学,本科二批,119572,98716,93105,97168,116990,79105,73170
350,黑龙江大学,本科一批,57047,55355,51294,51463,56437,68889,68889
351,黑龙江东方学院,本科二批,283600,265198,268221,251170,245509,245509,245509
352,黑龙江工程学院,本科二批,259330,140403,141960,135954,128280,122878,122878
353,黑龙江工程学院昆仑旅游学院,本科二批,280640,275609,268221,266423,266423,266423,266423
354,黑龙江工商学院,本科二批,280640,283127,266754,262622,240880,240880,240880
355,黑龙江工业学院,本科二批,200256,187213,192243,188928,165297,150006,150006
356,黑龙江科技大学,本科二批,227590,116385,119172,112929,110810,121631,121631
357,黑龙江外国语学院,本科二批,277505,270424,280520,280520,280520,280520,280520
358,黑龙江中医药大学,本科二批,145875,137488,234488,121682,110810,155209,155209
359,黑龙江中医药大学,本科一批,83173,80773,107111,53254,51363,64867,64867
360,衡水学院,本科二批,165585,163015,173485,183409,137486,139691,139691
361,衡阳师范学院,本科二批,132697,128942,131781,130659,123240,130602,130602
362,红河学院,本科二批,195410,177201,182812,169476,164009,157809,157809
363,呼和浩特民族学院,本科二批,206643,195845,256652,183409,183594,163055,163055
364,呼伦贝尔学院,本科二批,203404,192920,193825,191652,167915,147444,147444
365,湖北大学,本科一批,43027,37744,37938,32011,30474,31811,32477
366,湖北大学知行学院,本科二批,205000,202887,204917,206814,186140,186140,186140
367,湖北第二师范学院,本科二批,115307,116385,116429,112929,110810,111724,111724
368,湖北恩施学院,本科二批,213085,207250,238977,186172,195300,195300,195300
369,湖北工程学院,本科二批,131200,113569,111061,110417,99938,91462,91462
370,湖北工程学院新技术学院,本科二批,208283,210109,220514,184787,186140,207954,207954
371,湖北工业大学,本科一批,45897,40431,37938,39974,41026,41335,42781
372,湖北工业大学工程技术学院,本科二批,293683,195845,193825,193026,188865,188865,188865
373,湖北经济学院,本科二批,112446,102795,93105,91562,76579,63017,56764
374,湖北经济学院法商学院,本科二批,253042,283127,206509,212276,180995,180995,180995
375,湖北科技学院,本科二批,119572,108151,107111,105524,90665,86948,75468
376,湖北理工学院,本科二批,153381,116385,111061,112929,99938,93741,80151
377,湖北民族大学,本科二批,156390,120651,124682,122901,123240,116656,116656
378,湖北汽车工业学院,本科二批,147350,133199,134658,128060,123240,99611,82619
379,湖北汽车工业学院,本科一批,93448,110870,73020,63646,62794,62030,62030
380,湖北汽车工业学院科技学院,本科二批,219532,220020,231433,265175,191494,191494,191494
381,湖北商贸学院,本科二批,254608,259953,228295,216449,209343,209343,209343
382,湖北师范大学,本科二批,112446,104116,99361,99507,92959,103213,103213
383,湖北师范大学文理学院,本科二批,205000,205778,206509,212276,211839,211839,211839
384,湖北文理学院,本科二批,170142,113569,116429,120408,124488,85827,85827
385,湖北文理学院理工学院,本科二批,248295,221408,222067,227438,210636,210636,210636
386,湖北医药学院,本科二批,102673,96089,84432,103118,105972,72807,68584
387,湖北医药学院药护学院,本科二批,162483,170132,173485,173642,173111,173111,173111
388,湖北中医药大学,本科一批,66016,64188,61214,59764,44856,42986,51955
389,湖南财政经济学院,本科二批,113880,104116,104489,104362,130905,72807,65220
390,湖南城市学院,本科二批,142881,133199,136160,129399,124488,126705,126705
391,湖南大学,本科一批,9067,9653,11615,8451,8250,7971,8350
392,湖南第一师范学院,本科二批,105431,102795,105793,109212,92959,89200,89200
393,湖南工程学院,本科二批,135597,113569,112391,121682,107188,104424,104424
394,湖南工商大学,本科一批,59195,58573,60165,68522,68522,68522,68522
395,湖南工学院,本科二批,126766,119222,113728,111672,108360,104424,104424
396,湖南工业大学,本科一批,60300,58573,59191,65570,77638,77638,77638
397,湖南工业大学科技学院,本科二批,209890,208687,209699,230105,187480,187480,187480
398,湖南科技大学,本科一批,99984,44162,43868,42341,42570,42144,40216
399,湖南科技大学潇湘学院,本科二批,201854,198608,185877,180543,179649,179649,179649
400,湖南科技学院,本科二批,126766,123435,121907,120408,112073,114216,114216
401,湖南理工学院,本科二批,159463,102795,101963,124214,86229,83527,76618
402,湖南理工学院,本科一批,74466,85729,85729,85729,85729,85729,85729
403,湖南理工学院南湖学院,本科二批,200256,214321,234488,175046,174435,174435,174435
404,湖南农业大学,本科一批,70771,75906,108397,75582,51363,51256,52958
405,湖南农业大学东方科技学院,本科二批,292189,195845,197053,186172,187480,187480,187480
406,湖南女子学院,本科二批,156390,146141,152213,135954,129580,148755,148755
407,湖南人文科技学院,本科二批,230786,140403,149279,155853,133484,143623,143623
408,湖南涉外经济学院,本科二批,266965,258623,256652,263895,208011,208011,208011
409,湖南师范大学,本科一批,24547,25056,23239,24015,24410,25354,25115
410,湖南文理学院,本科二批,135597,124788,117785,120408,119499,126705,126705
411,湖南文理学院芙蓉学院,本科二批,222771,222839,204917,220635,222903,222903,222903
412,湖南医药学院,本科二批,113880,94834,101963,154476,86229,90348,80151
413,湖南应用技术学院,本科二批,282125,224244,226764,230105,236337,236337,236337
414,湖南中医药大学,本科一批,46947,49113,65427,68522,41026,35978,35398
415,湖州师范学院,本科二批,128279,116385,115107,117903,107188,114216,114216
416,湖州师范学院,本科一批,70771,72367,74158,85035,85035,85035,85035
417,湖州学院,本科二批,171656,255937,258045,252414,236337,236337,236337
418,华北电力大学,本科一批,13376,13884,13279,12912,16049,10122,10915
419,华北电力大学保定校区,本科一批,20081,17020,15862,16049,14274,14962,14962
420,华北科技学院,本科二批,135597,116385,112391,107979,118247,88055,79003
421,华北理工大学,本科一批,66016,55355,57178,52387,52168,56631,56631
422,华北理工大学冀唐学院,本科二批,139904,131782,144952,131966,144009,144009,144009
423,华北理工大学轻工学院,本科二批,240321,224244,214312,205421,204233,204233,204233
424,华北水利水电大学,本科二批,118136,91807,81346,69728,69728,69728,69728
425,华北水利水电大学,本科一批,78166,75906,74158,67520,55546,48733,41898
426,华东交通大学,本科二批,93448,85729,82193,74566,79696,65849,58832
427,华东交通大学,本科一批,54949,51170,49387,43915,41790,40557,36139
428,华东理工大学,本科一批,12952,12897,12015,10013,9372,9470,9571
429,华东师范大学,本科一批,4428,6046,5572,5348,5925,6071,7172
430,华东政法大学,本科一批,25226,25056,19118,22262,18265,20871,22155
431,华南理工大学,本科一批,5865,7026,5572,4531,4917,4654,4623
432,华南农业大学,本科一批,48861,45122,44724,40745,41026,42986,41898
433,华南农业大学珠江学院,本科二批,268493,262570,250790,244748,235169,235169,235169
434,华南师范大学,本科一批,17797,20308,18059,19097,21699,20871,22707
435,华侨大学,本科一批,49827,51170,60165,34859,34502,33816,33222
436,华中科技大学,本科一批,2928,3612,3641,3598,4032,3860,4036
437,华中农业大学,本科一批,28109,31039,27095,27041,26681,27849,28940
438,华中师范大学,本科一批,14309,14936,14629,14133,13549,13858,14537
439,怀化学院,本科二批,141361,140403,141960,146450,145330,147444,147444
440,淮北师范大学,本科二批,102673,104116,109722,109212,108360,119224,119224
441,淮南师范学院,本科二批,157920,141799,137646,138568,140090,153953,153953
442,淮阴工学院,本科二批,154848,122058,123275,126800,108360,104424,104424
443,淮阴师范学院,本科二批,280640,140403,139124,139883,134821,137044,137044
444,黄冈师范学院,本科二批,138510,138907,143428,146450,142717,142717,142717
445,黄河交通学院,本科二批,273082,265198,266754,251170,238587,238587,238587
446,黄河科技学院,本科二批,238693,212907,214312,215061,191494,156507,156507
447,黄河科技学院,本科一批,115307,115307,115307,115307,115307,115307,115307
448,黄淮学院,本科二批,184349,179984,182812,177786,166587,156507,156507
449,黄淮学院,本科一批,113880,113880,113880,113880,113880,113880,113880
450,黄山学院,本科二批,164055,153171,155299,177786,119224,119224,119224
451,惠州学院,本科二批,131200,123435,126087,126800,108360,102018,102018
452,吉利学院,本科二批,256159,271775,223403,214356,214356,214356,214356
453,吉林财经大学,本科一批,76893,60827,59191,55062,59092,59092,59092
454,吉林大学,本科一批,11699,11437,10464,11400,15197,10460,10915
455,吉林动画学院,本科二批,219532,214321,208112,206814,204233,204233,204233
456,吉林工程技术师范学院,本科二批,190631,187213,203316,180543,178298,161742,161742
457,吉林工商学院,本科二批,176475,158828,197053,150408,132176,119224,119224
458,吉林化工学院,本科二批,222771,146141,150749,138568,130905,133138,133138
459,吉林建筑大学,本科二批,187565,120651,123275,114177,104754,103213,103213
460,吉林建筑科技学院,本科二批,297990,253224,262381,248595,219274,219274,219274
461,吉林警察学院,本科二批,125339,127600,141960,138568,132176,135713,135713
462,吉林农业大学,本科二批,147350,130372,121907,116652,116990,117948,117948
463,吉林农业科技学院,本科二批,214734,171454,175024,159838,149264,148755,148755
464,吉林师范大学,本科二批,132697,109540,112391,110417,110810,120398,120398
465,吉林师范大学博达学院,本科二批,296564,222839,223648,224743,222903,222903,222903
466,吉林外国语大学,本科二批,297990,202887,208112,256196,191494,159073,159073
467,吉林医药学院,本科二批,189083,117811,115107,116652,127030,84704,77740
468,吉首大学,本科二批,132697,109540,109722,100709,96438,91462,91462
469,吉首大学,本科一批,68314,71135,78652,78652,78652,78652,78652
470,吉首大学张家界学院,本科二批,233927,285539,215808,201281,201626,201626,201626
471,集美大学,本科一批,51895,48117,48470,37772,35870,36750,36982
472,集美大学诚毅学院,本科二批,195410,178596,175024,176425,173111,175825,175825
473,集宁师范学院,本科二批,190631,187213,189057,198558,198558,198558,198558
474,济南大学,本科一批,45897,44162,43018,38484,38034,38238,40216
475,济宁学院,本科二批,171656,164447,168910,155853,146666,144846,144846
476,济宁医学院,本科二批,156390,108151,91816,112929,87270,79105,67428
477,暨南大学,本科一批,15697,16139,21457,14591,13549,12323,11618
478,佳木斯大学,本科二批,297990,148936,162953,142492,141401,150006,150006
479,嘉兴南湖学院,本科二批,165585,247757,250790,266423,209343,209343,209343
480,嘉兴学院,本科二批,125339,109540,107111,109212,108360,82440,79003
481,嘉应学院,本科二批,154848,158828,162953,163888,145330,143623,143623
482,江汉大学,本科一批,66016,84489,84489,84489,84489,84489,84489
483,江南大学,本科一批,22560,22973,16048,15444,16049,16498,17326
484,江苏大学,本科一批,52925,34290,31945,28227,26093,26585,26321
485,江苏大学京江学院,本科二批,201854,194389,197053,205421,230381,230381,230381
486,江苏第二师范学院,本科二批,111038,112214,112391,109212,104754,117948,117948
487,江苏海洋大学,本科二批,113880,110870,111061,115409,98741,93741,83871
488,江苏海洋大学,本科一批,97392,97392,97392,97392,97392,97392,97392
489,江苏警官学院,本科二批,104040,105494,105793,106733,81919,82440,81363
490,江苏科技大学,本科一批,47907,54281,104489,36312,33844,33120,32477
491,江苏科技大学苏州理工学院,本科二批,198637,195845,197053,183409,182265,182265,182265
492,江苏理工学院,本科二批,116712,102795,100680,101908,90665,79105,79003
493,江苏师范大学,本科二批,104040,89567,88095,88287,83016,76938,74303
494,江苏师范大学科文学院,本科二批,208283,208687,209699,206814,204233,204233,204233
495,江西财经大学,本科一批,113880,32658,31945,34859,26093,24758,24496
496,江西财经大学现代经济管理学院,本科二批,217907,246379,179660,177786,178298,178298,178298
497,江西服装学院,本科二批,273082,285539,256652,254917,226678,226678,226678
498,江西工程学院,本科二批,237132,228392,235936,194502,182265,182265,182265
499,江西科技师范大学,本科二批,156390,116385,120507,115409,114586,117948,117948
500,江西科技师范大学,本科一批,81978,87025,107111,107111,107111,107111,107111
501,江西科技学院,本科二批,297990,224244,223648,213704,219274,219274,219274
502,江西理工大学,本科二批,109592,101503,104489,106733,114586,98426,74303
503,江西理工大学,本科一批,66016,66467,57178,52387,52168,49591,45373
504,江西农业大学,本科二批,141361,114968,119172,112929,108360,110437,110437
505,江西农业大学南昌商学院,本科二批,217907,221408,215808,222040,257985,257985,257985
506,江西师范大学,本科一批,49827,50132,50338,67520,67520,67520,67520
507,江西师范大学科学技术学院,本科二批,208283,211459,209699,219285,231585,231585,231585
508,江西应用科技学院,本科二批,284988,265198,249416,249880,220481,220481,220481
509,江西中医药大学,本科二批,115307,140403,108397,103118,94127,81346,72028
510,江西中医药大学,本科一批,63644,61893,71851,71851,71851,71851,71851
511,金陵科技学院,本科二批,115307,104116,101963,104362,87270,76938,73170
512,锦州医科大学,本科二批,118136,110870,99361,96023,130905,112969,65220
513,锦州医科大学医疗学院,本科二批,209890,212907,200217,202671,184879,184879,184879
514,晋中信息学院,本科二批,224338,221408,228295,230105,225425,231171,231171
515,晋中学院,本科二批,176475,170132,176534,170826,158692,156507,156507
516,荆楚理工学院,本科二批,139904,128942,133227,131966,132176,120398,120398
517,井冈山大学,本科二批,134151,122058,123275,120408,119499,126705,126705
518,景德镇陶瓷大学,本科二批,137053,123435,119172,122901,119499,121631,121631
519,景德镇学院,本科二批,167136,172921,228295,151756,152038,146130,146130
520,景德镇艺术职业大学,本科二批,293683,228392,218977,224743,218091,218091,218091
521,九江学院,本科二批,142881,126208,130391,115409,104754,102018,102018
522,喀什大学,本科二批,205000,200016,201696,193026,169165,163055,163055
523,凯里学院,本科二批,185975,187213,255219,166668,166587,163055,163055
524,空军军医大学,本科一批,25941,21581,12858,24015,24015,24015,24015
525,昆明理工大学,本科一批,48861,42274,40404,40745,40222,41335,46332
526,昆明理工大学津桥学院,本科二批,254608,239641,247892,247294,214356,214356,214356
527,昆明文理学院,本科二批,254608,247757,250790,232837,230381,230381,230381
528,昆明学院,本科二批,137053,124788,127545,129399,120745,119224,119224
529,昆明医科大学,本科二批,62527,72367,94355,73631,80816,46998,48104
530,昆明医科大学,本科一批,43027,26493,43018,43018,43018,43018,43018
531,昆明医科大学海源学院,本科二批,157920,155958,173485,177786,176960,176960,176960
532,兰州博文科技学院,本科二批,297990,231205,237441,262622,187480,187480,187480
533,兰州财经大学,本科二批,115307,109540,119172,106733,91807,92622,92622
534,兰州城市学院,本科二批,159463,157359,158333,204059,130905,148755,148755
535,兰州大学,本科一批,12135,12897,14189,13303,14743,11526,12020
536,兰州工商学院,本科二批,289382,221408,229909,266423,199075,199075,199075
537,兰州工业学院,本科二批,156390,138907,140526,139883,124488,120398,120398
538,兰州交通大学,本科二批,102673,96089,98103,99507,80816,72807,63075
539,兰州交通大学,本科一批,60300,60827,82193,45525,45681,45451,46332
540,兰州理工大学,本科一批,66016,66467,74158,88287,88287,88287,88287
541,兰州文理学院,本科二批,151865,141799,147855,133310,132176,138336,138336
542,兰州信息科技学院,本科二批,297990,217220,220514,247294,190199,190199,190199
543,廊坊师范学院,本科二批,221117,137488,139124,138568,134821,141002,141002
544,乐山师范学院,本科二批,164055,160203,185877,148755,148755,148755,148755
545,丽江文化旅游学院,本科二批,277505,267893,260916,266423,230381,230381,230381
546,丽水学院,本科二批,159463,116385,116429,114177,104754,107956,107956
547,辽东学院,本科二批,229192,174394,175024,163888,152038,144846,144846
548,辽宁财贸学院,本科二批,283600,269150,279199,279199,279199,279199,279199
549,辽宁传媒学院,本科二批,274530,280520,280520,280520,280520,280520,280520
550,辽宁大学,本科一批,26645,26493,27764,27041,25007,24194,23903
551,辽宁对外经贸学院,本科二批,283600,278111,266754,266423,238587,238587,238587
552,辽宁工程技术大学,本科一批,90783,78357,69714,65570,60944,53976,48104
553,辽宁工业大学,本科二批,142881,113569,109722,111672,101077,93741,79003
554,辽宁何氏医学院,本科二批,240321,235408,222067,226120,178298,178298,178298
555,辽宁科技大学,本科二批,139904,105494,115107,104362,92959,94891,80151
556,辽宁科技大学,本科一批,108202,65365,57178,58817,55546,48733,46332
557,辽宁科技学院,本科二批,217907,140403,140526,131966,118247,116656,116656
558,辽宁理工学院,本科二批,279013,271775,273805,251170,243098,243098,243098
559,辽宁师范大学,本科二批,115307,94834,95599,99507,86229,76938,72028
560,辽宁师范大学海华学院,本科二批,273082,267893,271093,251170,237432,237432,237432
561,辽宁石油化工大学,本科一批,88238,82003,93105,72572,68464,56631,50008
562,辽宁中医药大学,本科二批,293683,116385,115107,124214,95249,102018,86368
563,辽宁中医药大学杏林学院,本科二批,217907,217220,217384,210923,186140,186140,186140
564,聊城大学,本科二批,121053,109540,107111,107979,96438,99611,81363
565,临沂大学,本科二批,121053,113569,109722,109212,109551,142305,80151
566,岭南师范学院,本科二批,154848,148936,153726,139883,129580,139691,139691
567,柳州工学院,本科二批,290800,251828,247892,239549,240880,240880,240880
568,六盘水师范学院,本科二批,170142,172921,180543,164009,160352,160352,160352
569,龙岩学院,本科二批,168671,157359,147855,142492,140090,142305,142305
570,陇东学院,本科二批,190631,181490,185877,193026,153391,153953,153953
571,鲁东大学,本科二批,113880,104116,101963,99507,199075,89200,77740
572,陆军军医大学,本科一批,23232,37744,12435,12100,12100,12100,12100
573,洛阳理工学院,本科二批,144391,127600,124682,120408,113302,111724,111724
574,洛阳理工学院,本科一批,116712,116712,116712,116712,116712,116712,116712
575,洛阳师范学院,本科二批,128279,126208,130391,129399,123240,124155,124155
576,洛阳师范学院,本科一批,92075,92075,92075,92075,92075,92075,92075
577,吕梁学院,本科二批,184349,181490,187430,188928,165297,157809,157809
578,马鞍山学院,本科二批,241940,250424,272463,188928,176960,176960,176960
579,茅台学院,本科二批,205000,201440,217384,260091,260091,260091,260091
580,绵阳师范学院,本科二批,148869,154550,164407,146450,134821,138336,138336
581,闽江学院,本科二批,129750,122058,121907,117903,112073,99611,99611
582,闽南科技学院,本科二批,254608,255937,265263,234204,238587,238587,238587
583,闽南理工学院,本科二批,269968,267893,262381,247294,245509,245509,245509
584,闽南师范大学,本科二批,138510,123435,124682,121682,120745,121631,121631
585,牡丹江师范学院,本科二批,206643,174394,181267,170826,169165,157809,157809
586,牡丹江医学院,本科二批,221117,116385,113728,138568,129580,91462,80151
587,南昌大学,本科一批,23896,25751,28476,25200,21699,22540,21585
588,南昌大学共青学院,本科二批,229192,214321,212792,226120,215567,215567,215567
589,南昌大学科学技术学院,本科二批,203404,205778,212792,232837,175678,175678,175678
590,南昌工程学院,本科二批,122496,116385,117785,122901,98741,98426,81363
591,南昌工程学院,本科一批,78166,67627,67572,70573,66578,70854,70854
592,南昌工学院,本科二批,293683,227021,242062,239549,218091,234456,234456
593,南昌航空大学,本科一批,61408,58573,43868,37772,36597,37460,38616
594,南昌航空大学科技学院,本科二批,206643,210109,204917,194502,187480,187480,187480
595,南昌交通学院,本科二批,295123,212907,217384,188928,184879,184879,184879
596,南昌理工学院,本科二批,292189,217220,209699,198558,196567,196567,196567
597,南昌师范学院,本科二批,135597,131782,136160,137269,134821,141002,141002
598,南昌医学院,本科二批,118136,158828,259513,141173,165297,165297,165297
599,南昌应用技术师范学院,本科二批,219532,218640,212792,204059,188865,188865,188865
600,南昌职业大学,本科二批,274530,274530,274530,274530,274530,274530,274530
601,南方医科大学,本科一批,55959,20308,18059,33449,15587,8536,13222
602,南华大学,本科一批,64821,55355,49387,45525,46474,44640,41898
603,南华大学船山学院,本科二批,213085,261238,197053,187538,186140,186140,186140
604,南京财经大学,本科一批,39420,33477,34124,40745,23318,24194,23287
605,南京财经大学红山学院,本科二批,205000,204297,197053,181968,174435,174435,174435
606,南京传媒学院,本科二批,170142,179984,184336,175046,178298,178298,178298
607,南京大学,本科一批,836,705,781,664,730,856,994
608,南京工程学院,本科一批,60300,64188,73020,73020,73020,73020,73020
609,南京工业大学,本科一批,43977,31866,30538,30122,28512,27849,27001
610,南京工业大学浦江学院,本科二批,208283,182908,182812,183409,176960,176960,176960
611,南京航空航天大学,本科一批,11294,12897,27764,9681,9098,8536,8965
612,南京航空航天大学金城学院,本科二批,205000,185784,171994,172231,171775,171775,171775
613,南京理工大学,本科一批,12135,11437,10464,10714,10306,9806,10212
614,南京理工大学泰州科技学院,本科二批,200256,192920,189057,191652,195300,197031,197031
615,南京理工大学紫金学院,本科二批,168671,164447,167432,169476,170472,170472,170472
616,南京林业大学,本科一批,42114,37744,36336,34859,50536,36750,36982
617,南京农业大学,本科一批,27341,27959,27764,27642,26681,27217,27001
618,南京审计大学,本科一批,34265,33477,33407,36312,21190,18364,16829
619,南京审计大学金审学院,本科二批,138510,131782,131781,133310,140090,140090,140090
620,南京师范大学,本科一批,16166,18475,16048,15862,16479,18364,21030
621,南京师范大学泰州学院,本科二批,209890,205778,206509,209576,209343,209343,209343
622,南京师范大学中北学院,本科二批,198637,190039,189057,186172,184879,184879,184879
623,南京特殊教育师范学院,本科二批,156390,157359,162953,153104,157415,153953,153953
624,南京晓庄学院,本科二批,113880,112214,107111,110417,98741,99611,99611
625,南京信息工程大学,本科一批,29573,27959,26424,28227,29805,29092,28940
626,南京医科大学,本科一批,10181,19083,19083,19083,19083,19083,19083
627,南京医科大学康达学院,本科二批,200256,151757,134658,120408,141401,141401,141401
628,南京邮电大学,本科一批,24547,17857,18059,30122,20210,20871,22155
629,南京邮电大学通达学院,本科二批,192193,179984,173485,175046,175678,175678,175678
630,南京中医药大学,本科一批,42114,37744,43018,43018,43018,43018,43018
631,南开大学,本科一批,1945,1919,2358,1570,1684,1714,1623
632,南宁师范大学,本科二批,125339,126208,130391,141173,144009,163055,163055
633,南宁师范大学师园学院,本科二批,227590,227021,232966,242153,230381,230381,230381
634,南宁学院,本科二批,237132,235408,220514,226120,227874,227874,227874
635,南通大学,本科一批,46947,46111,47516,43166,47284,42986,41066
636,南通大学杏林学院,本科二批,224338,217220,218977,224743,229133,229133,229133
637,南通理工学院,本科二批,245065,247757,252264,252414,229133,226657,226657
638,南阳理工学院,本科二批,148869,133199,133227,128060,119499,117948,117948
639,南阳理工学院,本科一批,93448,93476,94355,97168,97168,97168,97168
640,南阳师范学院,本科二批,148869,144698,150749,149103,147954,144846,144846
641,南阳师范学院,本科一批,94763,94834,99361,99361,99361,99361,99361
642,内江师范学院,本科二批,156390,155958,158333,157199,160061,163055,163055
643,内蒙古财经大学,本科二批,147350,144698,147855,125497,123240,94891,94891
644,内蒙古大学,本科一批,38526,42274,55105,48886,39472,39774,36139
645,内蒙古大学创业学院,本科二批,241940,258623,253798,247294,232766,232766,232766
646,内蒙古工业大学,本科二批,159463,126208,129013,119108,120745,106749,106749
647,内蒙古鸿德文理学院,本科二批,266965,266534,266754,266423,244261,244261,244261
648,内蒙古科技大学,本科二批,296564,133199,133227,126800,125749,130602,130602
649,内蒙古科技大学,本科一批,90783,92191,107111,107111,107111,107111,107111
650,内蒙古科技大学包头师范学院,本科二批,189083,185784,193825,180543,175678,160352,160352
651,内蒙古科技大学包头医学院,本科二批,154848,126208,124682,143825,92959,89200,77740
652,内蒙古民族大学,本科二批,208283,155958,158333,150408,160061,130602,130602
653,内蒙古农业大学,本科二批,192193,141799,152213,135954,132176,131857,131857
654,内蒙古师范大学,本科二批,134151,133199,149279,139883,144009,134428,134428
655,内蒙古医科大学,本科二批,144391,105494,105793,109212,183594,79105,81363
656,宁波财经学院,本科二批,259330,259953,271093,246011,241986,241986,241986
657,宁波大学,本科一批,29573,31039,28476,28227,48116,29719,29617
658,宁波大学科学技术学院,本科二批,233927,235408,237441,260091,197820,197820,197820
659,宁波工程学院,本科二批,125339,108151,103209,106733,90665,81346,80151
660,宁波诺丁汉大学,本科一批,88238,101503,31384,32478,42144,51955,51955
661,宁德师范学院,本科二批,168671,165842,176534,162553,152038,152681,152681
662,宁夏大学,本科一批,35077,40431,47516,47211,34502,35224,36139
663,宁夏大学新华学院,本科二批,243532,242386,243516,240874,226678,226678,226678
664,宁夏理工学院,本科二批,268493,263849,240565,238242,232766,232766,232766
665,宁夏师范学院,本科二批,167136,155958,156834,163888,150662,153953,153953
666,宁夏医科大学,本科一批,48861,51170,42168,41539,41539,41539,41539
667,攀枝花学院,本科二批,122496,114968,130391,121682,114586,93741,93741
668,平顶山学院,本科二批,185975,181490,184336,179170,164009,153953,153953
669,平顶山学院,本科一批,98686,98686,98686,98686,98686,98686,98686
670,萍乡学院,本科二批,190631,182908,189057,197157,154750,156507,156507
671,莆田学院,本科二批,148869,143264,143428,135954,125749,124155,124155
672,普洱学院,本科二批,201854,188599,192243,194502,169165,163055,163055
673,齐鲁工业大学,本科一批,68314,72367,85649,85649,85649,85649,85649
674,齐鲁理工学院,本科二批,262361,253224,235936,227438,227874,227874,227874
675,齐鲁师范学院,本科二批,138510,134593,140526,145144,149264,155209,155209
676,齐鲁医药学院,本科二批,245065,147501,152213,151756,162718,162718,162718
677,齐齐哈尔大学,本科二批,241940,135998,136160,128060,125749,137044,137044
678,齐齐哈尔工程学院,本科二批,279013,271775,280520,251170,254687,254687,254687
679,齐齐哈尔医学院,本科二批,198637,119222,119172,121682,105972,104424,76618
680,黔南民族师范学院,本科二批,187565,184345,187430,190262,166587,163055,163055
681,青岛滨海学院,本科二批,295123,236806,234488,230105,229133,229133,229133
682,青岛城市学院,本科二批,292189,225637,222067,217868,194034,194034,194034
683,青岛大学,本科一批,41207,45122,69714,28227,27863,28432,28267
684,青岛工学院,本科二批,262361,258623,252264,251170,229133,229133,229133
685,青岛恒星科技学院,本科二批,273082,269150,256652,242153,215567,215567,215567
686,青岛黄海学院,本科二批,269968,251828,250790,262622,208011,208011,208011
687,青岛科技大学,本科一批,49827,52176,60165,37053,34502,33816,32477
688,青岛理工大学,本科一批,112446,43222,39606,35578,32478,31811,29617
689,青岛农业大学,本科二批,134151,119222,109722,109212,95249,97211,83871
690,青岛农业大学海都学院,本科二批,241940,284340,209699,208167,194034,194034,194034
691,青海大学,本科一批,42114,43222,46572,43166,45681,43820,42781
692,青海大学昆仑学院,本科二批,225988,212907,212792,210923,211839,211839,211839
693,青海民族大学,本科二批,164055,135998,137646,146450,127030,130602,130602
694,青海师范大学,本科二批,145875,128942,131781,131966,132176,134428,134428
695,清华大学,本科一批,83,87,83,88,89,76,72
696,琼台师范学院,本科二批,162483,160203,167432,168099,176960,176960,176960
697,曲阜师范大学,本科一批,61408,64188,73020,85035,85035,85035,85035
698,曲靖师范学院,本科二批,190631,161609,158333,159838,158692,150006,150006
699,衢州学院,本科二批,144391,141799,147855,162553,118247,116656,116656
700,泉州师范学院,本科二批,144391,137488,140526,133310,123240,124155,124155
701,泉州信息工程学院,本科二批,268493,276885,256652,244748,241986,241986,241986
702,泉州职业技术大学,本科二批,273082,273118,273118,273118,273118,273118,273118
703,三江学院,本科二批,216337,211459,212792,215061,196567,196567,196567
704,三明学院,本科二批,164055,147501,143428,138568,132176,134428,134428
705,三峡大学,本科一批,54949,48117,48470,48043,46474,44640,44499
706,三峡大学科技学院,本科二批,289382,200016,200217,204059,187480,187480,187480
707,三亚学院,本科二批,282125,249117,242062,216449,222903,222903,222903
708,厦门大学,本科一批,4632,5463,5104,4531,4523,3860,4036
709,厦门大学嘉庚学院,本科二批,280640,146141,139124,137269,144009,144009,144009
710,厦门工学院,本科二批,287920,239641,240565,236908,231585,231585,231585
711,厦门华厦学院,本科二批,265432,228392,222067,227438,227874,227874,227874
712,厦门理工学院,本科二批,112446,97420,86875,85035,71482,61142,54810
713,厦门医学院,本科二批,115307,102795,91816,91562,103612,117948,117948
714,山东财经大学,本科一批,42114,41377,44724,55062,34544,36982,36982
715,山东财经大学东方学院,本科二批,260851,212907,198658,193026,183594,183594,183594
716,山东大学,本科一批,7501,7724,8715,8141,10654,7409,6917
717,山东大学（威海）,本科一批,11294,11903,12435,12912,13161,13489,14962
718,山东第一医科大学,本科二批,119572,102795,100680,104362,125749,76938,72028
719,山东工程职业技术大学,本科二批,268493,269150,269150,269150,269150,269150,269150
720,山东工商学院,本科二批,126766,119222,119172,110417,94127,84704,73170
721,山东管理学院,本科二批,150381,117811,120507,117903,99938,104424,104424
722,山东华宇工学院,本科二批,297990,242386,240565,212276,209343,209343,209343
723,山东建筑大学,本科一批,67119,61893,62311,72572,72572,72572,72572
724,山东交通学院,本科二批,129750,113728,117903,96438,91462,77740,77740
725,山东科技大学,本科一批,44925,47088,42168,39257,34502,33816,31751
726,山东理工大学,本科一批,97392,52176,48470,48043,52986,46332,46332
727,山东农业大学,本科一批,88238,104116,104116,104116,104116,104116,104116
728,山东农业工程学院,本科二批,297990,151757,143428,139883,141401,143623,143623
729,山东师范大学,本科一批,52925,43222,43018,40745,44062,46232,49040
730,山东石油化工学院,本科二批,184349,205778,201696,191652,180995,180995,180995
731,山东外国语职业技术大学,本科二批,265432,271775,271775,271775,271775,271775,271775
732,山东现代学院,本科二批,280640,238237,237441,228766,208011,208011,208011
733,山东协和学院,本科二批,276009,243730,243516,226120,211839,211839,211839
734,山东英才学院,本科二批,269968,285539,240565,213704,191494,191494,191494
735,山东政法学院,本科二批,109592,105494,103209,119108,86229,74886,76618
736,山东中医药大学,本科二批,109592,94834,81012,85035,62794,60196,52958
737,山西财经大学,本科二批,118136,96089,100680,99507,84084,72807,64177
738,山西财经大学,本科一批,47907,48117,55105,52387,33135,33120,32477
739,山西传媒学院,本科二批,150381,135998,133227,134604,141401,141401,141401
740,山西大同大学,本科二批,126766,122058,121907,125497,125749,129271,129271
741,山西大学,本科一批,48861,43222,79803,36312,37276,38238,36982
742,山西工程技术学院,本科二批,206643,163015,147855,147736,140090,146130,146130
743,山西工商学院,本科二批,243532,236806,244999,238242,232766,232766,232766
744,山西工学院,本科二批,178120,207250,211300,216449,216850,216850,216850
745,山西晋中理工学院,本科二批,274530,229756,235936,231510,227874,227874,227874
746,山西能源学院,本科二批,190631,175789,179660,175046,179649,179649,179649
747,山西农业大学,本科二批,203404,119222,121907,117903,115820,121631,121631
748,山西师范大学,本科二批,115307,112214,112391,107979,109551,122878,122878
749,山西医科大学,本科二批,171656,106820,94355,82846,95249,52155,50008
750,山西医科大学,本科一批,38526,26493,55105,16721,16049,16037,12809
751,山西应用科技学院,本科二批,257747,270424,270424,270424,270424,270424,270424
752,山西中医药大学,本科二批,126766,108151,105793,105524,97599,84704,84704
753,山西中医药大学,本科一批,43977,47088,51294,56901,56901,56901,56901
754,陕西服装工程学院,本科二批,273082,274383,260916,254917,239708,239708,239708
755,陕西国际商贸学院,本科二批,257747,247757,249416,244748,229133,229133,229133
756,陕西科技大学,本科一批,43977,45122,44724,39257,35870,35978,35398
757,陕西科技大学镐京学院,本科二批,263892,281879,255219,240874,231585,231585,231585
758,陕西理工大学,本科二批,115307,104116,101963,100709,115820,97211,85077
759,陕西师范大学,本科一批,24547,22973,20281,22847,22754,24758,25115
760,陕西学前师范学院,本科二批,147350,147501,178112,133310,124488,143623,143623
761,陕西中医药大学,本科二批,101319,88293,93105,100709,78633,71835,68584
762,陕西中医药大学,本科一批,69571,69571,69571,69571,69571,69571,69571
763,汕头大学,本科一批,46947,55355,30538,28227,26681,23657,22707
764,商洛学院,本科二批,187565,174394,179660,180543,153391,150006,150006
765,商丘工学院,本科二批,269968,259953,260916,246011,230381,230381,230381
766,商丘师范学院,本科二批,165585,161609,168910,169476,158692,148755,148755
767,商丘学院,本科二批,254608,253224,259513,243429,220481,220481,220481
768,上海财经大学,本科一批,6374,5753,31251,2000,1932,1909,1912
769,上海财经大学浙江学院,本科二批,201854,172921,171994,170826,171775,171775,171775
770,上海大学,本科一批,13845,12897,12015,11400,11306,11908,13222
771,上海第二工业大学,本科二批,99984,84489,82193,79734,77638,70854,65220
772,上海第二工业大学,本科一批,48861,46111,46572,47211,49710,55755,55755
773,上海电机学院,本科一批,99984,55355,55105,57808,51363,49591,43618
774,上海电力大学,本科一批,34265,33477,36336,40745,42570,45451,45451
775,上海对外经贸大学,本科一批,68314,29485,25787,24624,20210,18866,19945
776,上海工程技术大学,本科一批,54949,59698,37129,36312,35233,35978,36982
777,上海海关学院,本科一批,35077,33477,34124,34113,34113,34113,34113
778,上海海事大学,本科一批,42114,37744,40404,32759,29156,29092,28940
779,上海海洋大学,本科一批,40304,38611,42168,53254,42570,41335,40216
780,上海建桥学院,本科二批,282125,276885,242062,230105,230381,230381,230381
781,上海健康医学院,本科一批,85633,75906,83314,96023,96023,96023,96023
782,上海交通大学,本科一批,203,197,194,207,336,150,169
783,上海交通大学医学院,本科一批,286,335,248,319,447,447,447
784,上海理工大学,本科一批,28854,27221,26424,24624,22210,23072,22707
785,上海立达学院,本科二批,287920,285539,285539,285539,285539,285539,285539
786,上海立信会计金融学院,本科二批,86942,74766,78652,61702,57297,48733,42781
787,上海立信会计金融学院,本科一批,101319,34290,27764,28843,23318,22540,23903
788,上海杉达学院,本科二批,266965,279339,237441,216449,213090,213090,213090
789,上海商学院,本科二批,104040,92191,81012,77679,67539,56631,55771
790,上海师范大学,本科一批,43977,35994,34124,31384,31818,33816,33947
791,上海师范大学天华学院,本科二批,260851,241022,244999,223403,222903,222903,222903
792,上海视觉艺术学院,本科二批,170142,126208,108397,117903,128280,138336,138336
793,上海体育学院,本科一批,70771,87025,87025,87025,87025,87025,87025
794,上海外国语大学,本科一批,10919,11903,14629,6498,5925,6585,6917
795,上海外国语大学贤达经济人文学院,本科二批,283600,284340,276546,244748,213090,213090,213090
796,上海戏剧学院,本科一批,48861,33844,50411,59871,59871,59871,59871
797,上海兴伟学院,本科二批,286455,285539,276546,260091,259120,259120,259120
798,上海应用技术大学,本科一批,70771,54281,48470,51463,54663,63017,63017
799,上海政法学院,本科一批,41207,39525,41266,38484,38770,40557,41066
800,上海中侨职业技术大学,本科二批,283600,283600,283600,283600,283600,283600,283600
801,上海中医药大学,本科一批,28854,27221,25787,44734,35233,23657,24496
802,上饶师范学院,本科二批,165585,158828,164407,165288,171775,159073,159073
803,韶关学院,本科二批,125339,131782,136160,147736,133484,134428,134428
804,邵阳学院,本科二批,126766,126208,134658,121682,147954,114216,114216
805,绍兴文理学院,本科二批,116712,116385,111061,110417,103612,99611,99611
806,绍兴文理学院元培学院,本科二批,249868,257231,258045,254917,230381,230381,230381
807,深圳大学,本科一批,16706,17857,12858,13715,13936,15596,17326
808,深圳技术大学,本科一批,36819,33477,37129,37129,37129,37129,37129
809,沈阳城市建设学院,本科二批,277505,278111,273805,254917,246709,246709,246709
810,沈阳城市学院,本科二批,277505,270424,272463,254917,235169,235169,235169
811,沈阳大学,本科二批,123956,110870,111061,107979,109551,88055,82619
812,沈阳工程学院,本科二批,168671,117811,120507,119108,109551,104424,104424
813,沈阳工学院,本科二批,274530,273118,266754,253689,234011,234011,234011
814,沈阳工业大学,本科二批,121053,109540,104489,105524,97599,160352,66329
815,沈阳工业大学,本科一批,54949,53210,55105,52387,47284,44640,38616
816,沈阳航空航天大学,本科二批,112446,102795,103209,109212,81919,71835,67428
817,沈阳航空航天大学,本科一批,51895,50132,53206,55062,71482,29719,28940
818,沈阳化工大学,本科二批,297990,109540,111061,112929,108360,104424,80151
819,沈阳建筑大学,本科一批,74466,75906,94355,56901,49710,46232,44499
820,沈阳科技学院,本科二批,276009,273118,271093,256196,240880,240880,240880
821,沈阳理工大学,本科二批,131200,100103,95599,98319,88395,79105,69728
822,沈阳理工大学,本科一批,63644,57472,55105,51463,49710,47851,48104
823,沈阳农业大学,本科一批,101319,90901,93105,77679,73470,68889,80151
824,沈阳师范大学,本科二批,145875,123435,134658,115409,124488,111724,111724
825,沈阳体育学院,本科二批,171656,175789,182812,205421,156110,152681,152681
826,沈阳药科大学,本科一批,63644,64188,83314,88287,52168,32459,33947
827,沈阳医学院,本科二批,150381,102795,152213,94885,107188,69854,61992
828,石河子大学,本科一批,54949,59698,62311,56901,55546,49591,50008
829,石家庄铁道大学,本科一批,53926,50132,51294,49758,46474,37460,35398
830,石家庄铁道大学四方学院,本科二批,203404,195845,198658,184787,174435,174435,174435
831,石家庄学院,本科二批,154848,144698,149279,135954,134821,137044,137044
832,首都经济贸易大学,本科一批,31136,38611,19684,16314,14743,13858,14537
833,首都师范大学,本科一批,25941,22276,20281,22847,24410,25354,25738
834,首都师范大学科德学院,本科二批,292189,273118,273118,273118,273118,273118,273118
835,首都体育学院,本科二批,121053,109540,109722,117903,98741,107956,107956
836,首都医科大学,本科一批,16706,9653,4241,7828,7147,8840,5915
837,四川传媒学院,本科二批,208283,185784,189057,202671,202671,202671,202671
838,四川大学,本科一批,6374,6356,6877,5559,6655,6585,7172
839,四川大学锦城学院,本科二批,297990,170132,162953,165288,166587,166587,166587
840,四川大学锦江学院,本科二批,201854,200016,181267,176425,170472,170472,170472
841,四川电影电视学院,本科二批,198637,207250,220514,220635,197820,197820,197820
842,四川工商学院,本科二批,201854,191461,184336,186172,186140,186140,186140
843,四川工业科技学院,本科二批,225988,227021,220514,224743,231585,231585,231585
844,四川警察学院,本科二批,126766,134593,134593,134593,134593,134593,134593
845,四川旅游学院,本科二批,164055,144698,146428,134604,133484,138336,138336
846,四川美术学院,本科二批,102673,112214,69714,77679,88395,90348,90348
847,四川农业大学,本科一批,34265,36876,42168,39974,42570,42986,44499
848,四川轻化工大学,本科二批,106846,108151,115107,105524,94127,90348,83871
849,四川轻化工大学,本科一批,74466,78357,96807,96807,96807,96807,96807
850,四川师范大学,本科一批,44925,44162,45612,46358,51363,63017,63017
851,四川外国语大学,本科一批,46947,53210,35574,29486,27863,30395,29617
852,四川外国语大学成都学院,本科二批,195410,208687,152213,151756,153391,153391,153391
853,四川文化艺术学院,本科二批,256159,257231,249416,251170,251170,251170,251170
854,四川文理学院,本科二批,197054,138907,137646,134604,124488,129271,129271
855,苏州城市学院,本科二批,126766,157359,159888,165288,170472,170472,170472
856,苏州大学,本科一批,13845,14443,13279,12100,14358,12323,12809
857,苏州大学应用技术学院,本科二批,195410,191461,190661,191652,197820,197820,197820
858,苏州科技大学,本科一批,42114,40431,41266,41539,44856,46232,44499
859,苏州科技大学天平学院,本科二批,189083,191461,193825,201281,238587,238587,238587
860,宿迁学院,本科二批,151865,168670,225127,236908,236908,236908,236908
861,宿州学院,本科二批,216337,158828,161404,162553,160061,146130,146130
862,绥化学院,本科二批,192193,185784,193825,179170,161415,156507,156507
863,塔里木大学,本科二批,237132,192920,192243,191652,167915,160352,160352
864,塔里木大学,本科一批,112446,112446,112446,112446,112446,112446,112446
865,台州学院,本科二批,123956,119222,123275,125497,107188,99611,99611
866,太原工业学院,本科二批,141361,120651,121907,119108,108360,107956,107956
867,太原科技大学,本科二批,115307,102795,101963,103118,90665,88055,76618
868,太原科技大学,本科一批,76893,74766,75279,66544,56437,53090,50008
869,太原理工大学,本科一批,25226,25056,28476,25200,25007,24758,23903
870,太原师范学院,本科二批,128279,127600,134658,131966,127030,130602,130602
871,太原学院,本科二批,147350,138907,141960,142492,134821,131857,131857
872,泰山科技学院,本科二批,262361,253224,280520,198558,195300,195300,195300
873,泰山学院,本科二批,156390,148936,152213,149103,147954,153953,153953
874,泰州学院,本科二批,154848,146141,153726,154476,154750,160352,160352
875,唐山师范学院,本科二批,187565,181490,181267,170826,158692,155209,155209
876,唐山学院,本科二批,165585,144698,146428,135954,132176,161742,161742
877,天津财经大学,本科一批,98686,35130,32636,32759,27258,21414,21030
878,天津财经大学珠江学院,本科二批,248295,221408,214312,210923,184879,184879,184879
879,天津城建大学,本科二批,126766,110870,104489,104362,96438,84704,74303
880,天津大学,本科一批,4022,4594,4436,4329,4917,4654,4234
881,天津工业大学,本科一批,28854,30260,31251,32759,34502,34544,33222
882,天津科技大学,本科一批,51895,49113,43868,44734,43306,38238,36982
883,天津理工大学,本科二批,106846,94834,88287,56631,51955,51955,51955
884,天津理工大学,本科一批,43977,44162,53206,32759,31818,31071,31055
885,天津理工大学中环信息学院,本科二批,240321,229756,228295,216449,209343,209343,209343
886,天津农学院,本科二批,174842,133199,130391,125497,113302,115431,115431
887,天津仁爱学院,本科二批,296564,227021,229909,201281,192768,192768,192768
888,天津商业大学,本科二批,156390,130372,98319,97599,74886,67428,67428
889,天津商业大学,本科一批,67119,66467,82193,50647,44856,40557,39373
890,天津商业大学宝德学院,本科二批,243532,245038,249416,252414,196567,196567,196567
891,天津师范大学,本科一批,43977,42274,45612,37772,38770,39011,39373
892,天津体育学院,本科二批,137053,133199,136160,141173,130905,131857,131857
893,天津天狮学院,本科二批,257747,251828,243516,232837,229133,229133,229133
894,天津外国语大学,本科一批,58092,38611,37129,34859,33135,29092,28940
895,天津外国语大学滨海外事学院,本科二批,217907,220020,218977,190262,175678,175678,175678
896,天津医科大学,本科一批,13845,16139,20850,12100,6906,9806,8065
897,天津医科大学临床医学院,本科二批,211482,157359,141960,131966,162718,162718,162718
898,天津职业技术师范大学,本科二批,148869,114968,109722,117903,115820,117948,117948
899,天津中德应用技术大学,本科二批,147350,143264,149279,155853,162718,162718,162718
900,天津中医药大学,本科一批,50842,56402,81012,37772,26681,27217,20472
901,天水师范学院,本科二批,274530,161609,171994,170826,180995,157809,157809
902,通化师范学院,本科二批,190631,184345,185877,186172,169165,159073,159073
903,同济大学,本科一批,1730,1521,1275,1386,1417,1498,1368
904,铜陵学院,本科二批,284988,135998,139124,139883,118247,116656,116656
905,铜仁学院,本科二批,171656,179984,190661,176425,166587,163055,163055
906,皖江工学院,本科二批,257747,250424,243516,263895,187480,187480,187480
907,皖南医学院,本科二批,64821,61893,64379,65570,158692,58360,64177
908,潍坊科技学院,本科二批,245065,270424,212792,197157,171775,171775,171775
909,潍坊学院,本科二批,257747,134593,133227,130659,121994,121631,121631
910,潍坊医学院,本科二批,85633,116385,86875,90484,170472,59235,54810
911,渭南师范学院,本科二批,156390,158828,173485,173485,173485,173485,173485
912,温州大学,本科二批,97392,94834,82193,72572,70430,62030,55771
913,温州肯恩大学,本科一批,111038,102795,58817,59092,62030,55771,55771
914,温州理工学院,本科二批,159463,227021,238977,243429,222903,222903,222903
915,温州商学院,本科二批,273082,271775,271093,257477,239708,239708,239708
916,温州医科大学,本科一批,54949,53210,32636,49758,47284,27217,22707
917,温州医科大学仁济学院,本科二批,217907,205778,200217,201281,187480,187480,187480
918,文华学院,本科二批,222771,188599,187430,183409,176960,176960,176960
919,文山学院,本科二批,192193,195845,193825,199851,155209,155209,155209
920,无锡太湖学院,本科二批,227590,235408,234488,247294,190199,190199,190199
921,无锡学院,本科二批,142881,184345,187430,202671,152038,152038,152038
922,梧州学院,本科二批,156390,150331,155299,157199,147954,151353,151353
923,五邑大学,本科二批,116712,105494,105793,114177,94127,92622,92622
924,武昌工学院,本科二批,227590,227021,204917,197157,191494,191494,191494
925,武昌理工学院,本科二批,216337,210109,204917,187538,171775,171775,171775
926,武昌首义学院,本科二批,221117,182908,181267,176425,170472,170472,170472
927,武汉城市学院,本科二批,297990,165842,156834,159838,158692,158692,158692
928,武汉大学,本科一批,3618,4347,4241,3421,16897,3313,3346
929,武汉东湖学院,本科二批,289382,212907,197053,198558,171775,171965,171965
930,武汉纺织大学,本科一批,64821,55355,53206,56901,61855,70854,70854
931,武汉纺织大学外经贸学院,本科二批,276009,232685,222067,236908,194034,194034,194034
932,武汉工程大学,本科一批,39420,40431,40404,39257,41026,40557,41066
933,武汉工程大学邮电与信息工程学院,本科二批,233927,195845,193825,194502,195300,195300,195300
934,武汉工程科技学院,本科二批,289382,200016,208112,213704,197820,197820,197820
935,武汉工商学院,本科二批,256159,241022,206509,209576,195300,195300,195300
936,武汉华夏理工学院,本科二批,238693,205778,203316,202671,190199,190199,190199
937,武汉科技大学,本科一批,32664,34290,31945,31384,26681,26585,25738
938,武汉理工大学,本科一批,15229,15517,14189,13303,13161,12323,12381
939,武汉轻工大学,本科二批,102673,94834,83314,82846,79696,68889,61992
940,武汉晴川学院,本科二批,221117,220020,222067,186172,178298,178298,178298
941,武汉商学院,本科二批,113880,109540,107111,109212,108360,104424,104424
942,武汉设计工程学院,本科二批,246717,228392,220514,212276,208011,208011,208011
943,武汉生物工程学院,本科二批,209890,210109,182812,183409,179649,179649,179649
944,武汉体育学院,本科二批,128279,131782,127545,125497,120745,120398,120398
945,武汉体育学院体育科技学院,本科二批,246717,242386,263856,263856,263856,263856,263856
946,武汉文理学院,本科二批,213085,214321,218977,220635,197820,197820,197820
947,武汉学院,本科二批,225988,198608,192243,188928,187480,187480,187480
948,武夷学院,本科二批,181262,153171,156834,158555,134821,133138,133138
949,西安财经大学,本科二批,86942,84489,84432,87208,80816,57486,51955
950,西安财经大学,本科一批,60300,68843,68843,68843,68843,68843,68843
951,西安财经大学行知学院,本科二批,222771,215801,212792,216449,195300,195300,195300
952,西安电子科技大学,本科一批,8421,8491,8715,9354,10654,10122,10915
953,西安翻译学院,本科二批,265432,241022,237441,248595,214356,214356,214356
954,西安工程大学,本科一批,63644,50132,48470,45525,45681,46232,41898
955,西安工商学院,本科二批,262361,263849,280520,226120,215567,223267,223267
956,西安工业大学,本科一批,40304,36876,35574,35578,34502,35224,34642
957,西安航空学院,本科二批,123956,113569,113728,106733,96438,86948,81363
958,西安建筑科技大学,本科一批,39420,45122,31945,28843,27258,30395,28940
959,西安建筑科技大学华清学院,本科二批,225988,229756,204917,187538,183594,183594,183594
960,西安交通大学,本科一批,2928,2546,2783,1863,2030,2018,1912
961,西安交通大学城市学院,本科二批,200256,187213,173485,166668,160061,160061,160061
962,西安交通工程学院,本科二批,241940,220020,223648,213704,215567,215567,215567
963,西安科技大学,本科一批,43027,35994,34852,33449,29805,29719,29617
964,西安科技大学高新学院,本科二批,246717,258623,246460,202671,208011,208011,208011
965,西安理工大学,本科一批,31893,32658,33407,34113,28512,27849,26321
966,西安理工大学高科学院,本科二批,229192,234014,240565,216449,208011,208011,208011
967,西安明德理工学院,本科二批,279013,246379,193825,181968,183594,183594,183594
968,西安欧亚学院,本科二批,273082,250424,243516,232837,214356,214356,214356
969,西安培华学院,本科二批,217907,212907,218977,223403,219274,219274,219274
970,西安汽车职业大学,本科二批,276009,271775,280520,280520,280520,280520,280520
971,西安石油大学,本科一批,51895,47088,49387,49758,46474,45451,41066
972,西安思源学院,本科二批,245065,235408,231433,231510,227874,227874,227874
973,西安外国语大学,本科一批,34265,33477,41266,27041,25007,27849,27001
974,西安外事学院,本科二批,241940,239641,242062,244748,211839,211839,211839
975,西安文理学院,本科二批,118136,105494,108397,106733,90665,85827,76618
976,西安信息职业大学,本科二批,271535,266534,277885,277885,277885,277885,277885
977,西安医学院,本科一批,46947,54281,54281,54281,54281,54281,54281
978,西安邮电大学,本科一批,30319,29485,28476,29486,27863,28432,27645
979,西北大学,本科一批,16706,16698,16048,16314,16897,16498,17326
980,西北工业大学,本科一批,5586,6356,7457,6000,6157,5827,6391
981,西北民族大学,本科二批,132697,124788,119172,120408,112073,109175,109175
982,西北民族大学,本科一批,52925,64188,64188,64188,64188,64188,64188
983,西北农林科技大学,本科一批,25226,25751,27095,27041,25533,24758,25115
984,西北师范大学,本科二批,119572,104116,100680,106733,92959,99611,99611
985,西北师范大学,本科一批,63644,60827,64379,85035,85035,85035,85035
986,西北政法大学,本科一批,22560,25056,25153,25200,25007,26585,26321
987,西藏大学,本科二批,116712,117811,124682,119108,120745,139691,139691
988,西藏民族大学,本科二批,148869,141799,162953,134604,132176,106749,106749
989,西藏民族大学,本科一批,76893,76893,76893,76893,76893,76893,76893
990,西藏农牧学院,本科二批,214734,214321,209699,198558,261217,261217,261217
991,西昌学院,本科二批,160983,161609,168910,169476,175678,157809,157809
992,西华大学,本科一批,49827,46111,49387,48886,52986,60196,60196
993,西华师范大学,本科一批,81978,85729,104489,104489,104489,104489,104489
994,西交利物浦大学,本科一批,74466,106820,47211,78633,53090,46332,46332
995,西京学院,本科二批,233927,231205,235936,240874,211839,211839,211839
996,西南财经大学,本科一批,13376,14443,18059,9354,11681,8272,8640
997,西南财经大学天府学院,本科二批,203404,198608,187430,170826,162718,162718,162718
998,西南大学,本科一批,17797,19649,16510,21709,18740,20370,21585
999,西南交通大学,本科一批,16706,14936,18059,20067,13161,13116,12809
1000,西南交通大学希望学院,本科二批,182785,174394,146428,197157,184879,184879,184879
1001,西南科技大学,本科一批,53926,50132,49387,48043,48116,46232,43618
1002,西南科技大学城市学院,本科二批,253042,271775,212792,212276,192768,192768,192768
1003,西南林业大学,本科二批,147350,116385,120507,112929,109551,111724,111724
1004,西南民族大学,本科二批,104040,100103,90542,85035,80816,80251,85077
1005,西南民族大学,本科一批,51895,49113,53206,45525,49710,59235,59235
1006,西南石油大学,本科一批,38526,39525,43018,43915,48116,48733,59871
1007,西南医科大学,本科二批,118136,141799,61992,61992,61992,61992,61992
1008,西南医科大学,本科一批,37676,34290,38753,39257,38770,41335,41335
1009,西南政法大学,本科一批,18358,22973,25153,17669,16897,21975,22155
1010,咸阳师范学院,本科二批,137053,133199,139124,134604,130905,130602,130602
1011,湘南学院,本科二批,118136,117811,121907,134604,120745,119224,119224
1012,湘潭大学,本科一批,37676,42274,76393,31384,29805,29719,29617
1013,湘潭大学兴湘学院,本科二批,200256,205778,192243,183409,179649,179649,179649
1014,湘潭理工学院,本科二批,248295,280614,203316,191652,191494,191494,191494
1015,忻州师范学院,本科二批,189083,160203,164407,169476,154750,153953,153953
1016,新疆财经大学,本科二批,233927,147501,143428,177786,97599,99611,99611
1017,新疆大学,本科一批,43027,50132,55105,55962,66578,59235,57764
1018,新疆第二医学院,本科二批,134151,174394,192243,204059,188865,188865,188865
1019,新疆工程学院,本科二批,251493,192920,198658,187538,174435,159073,159073
1020,新疆科技学院,本科二批,208283,214321,259513,243429,220481,220481,220481
1021,新疆理工学院,本科二批,206643,210109,280520,215061,214356,214356,214356
1022,新疆农业大学,本科二批,203404,168670,171994,157199,145330,144846,144846
1023,新疆师范大学,本科二批,182785,157359,153726,145144,145330,146130,146130
1024,新疆天山职业技术大学,本科二批,257747,273118,273118,273118,273118,273118,273118
1025,新疆医科大学,本科二批,131200,138907,117785,120408,119499,75897,59871
1026,新疆医科大学,本科一批,69571,84489,59191,83888,19731,23072,15885
1027,新疆艺术学院,本科二批,254608,163055,163055,163055,163055,163055,163055
1028,新疆政法学院,本科二批,208283,259953,259953,259953,259953,259953,259953
1029,新乡学院,本科二批,193798,171454,175024,166668,153391,146130,146130
1030,新乡学院,本科一批,111038,110870,110870,110870,110870,110870,110870
1031,新乡医学院,本科一批,85633,68843,67572,58817,61855,33120,31055
1032,新乡医学院三全学院,本科二批,216337,207250,206509,209576,179649,179649,179649
1033,新余学院,本科二批,162483,143264,143428,134604,129580,133138,133138
1034,信阳农林学院,本科二批,195410,187213,192243,184787,174435,161742,161742
1035,信阳师范学院,本科二批,132697,120651,120507,117903,118247,120398,120398
1036,信阳师范学院,本科一批,86942,83217,89282,89282,89282,89282,89282
1037,信阳学院,本科二批,235515,241022,247892,238242,215567,215567,215567
1038,邢台学院,本科二批,170142,146141,155299,150408,137486,142305,142305
1039,兴义民族师范学院,本科二批,198637,178596,185877,184787,169165,163055,163055
1040,徐州工程学院,本科二批,148869,124788,124682,126800,112073,109175,109175
1041,徐州医科大学,本科一批,52925,46111,25787,57808,57808,57808,57808
1042,许昌学院,本科二批,170142,157359,161404,162553,152038,146130,146130
1043,烟台大学,本科二批,108202,98716,91816,85035,80816,63017,53890
1044,烟台理工学院,本科二批,297990,214321,215808,216449,199075,207954,207954
1045,烟台南山学院,本科二批,227590,222839,212792,199851,195300,195300,195300
1046,延安大学,本科二批,122496,116385,111061,109212,109551,85827,85827
1047,延安大学西安创新学院,本科二批,259330,276885,228295,222040,208011,208011,208011
1048,延边大学,本科一批,37676,40431,45612,60743,26093,30395,27645
1049,盐城工学院,本科二批,293683,122058,121907,114177,107188,105618,105618
1050,盐城师范学院,本科二批,134151,138907,141960,133310,128280,130602,130602
1051,燕京理工学院,本科二批,238693,229756,212792,201281,201626,201626,201626
1052,燕山大学,本科一批,35958,37744,40404,27642,28512,25354,25115
1053,燕山大学里仁学院,本科二批,274530,168670,164407,165288,162718,162718,162718
1054,扬州大学,本科一批,42114,78357,31945,31384,29156,29719,27645
1055,扬州大学广陵学院,本科二批,195410,197169,200217,193026,191494,193341,193341
1056,阳光学院,本科二批,277505,263849,266754,244748,243098,243098,243098
1057,仰恩大学,本科二批,260851,260851,260851,260851,260851,260851,260851
1058,伊犁师范大学,本科二批,203404,200016,208112,187538,184879,163055,163055
1059,宜宾学院,本科二批,156390,158828,162953,157199,140090,142305,142305
1060,宜春学院,本科二批,189083,141799,117785,138568,109551,112969,112969
1061,银川能源学院,本科二批,276009,256652,251170,236337,236337,236337,236337
1062,营口理工学院,本科二批,290800,154550,159888,150408,142717,144846,144846
1063,右江民族医学院,本科二批,229192,101503,113728,184787,85142,89200,77740
1064,榆林学院,本科二批,203404,172921,178112,173642,154750,150006,150006
1065,玉林师范学院,本科二批,189083,200016,200016,200016,200016,200016,200016
1066,玉溪师范学院,本科二批,162483,153171,158333,158555,154750,157809,157809
1067,豫章师范学院,本科二批,176475,177201,184336,179170,179170,179170,179170
1068,云南财经大学,本科二批,137053,105494,100680,105524,86229,69854,63075
1069,云南大学,本科一批,26645,25751,25153,30752,24410,24758,25115
1070,云南大学滇池学院,本科二批,273082,224244,232966,239549,201626,207954,207954
1071,云南经济管理学院,本科二批,276009,247757,249416,249880,231585,231585,231585
1072,云南警官学院,本科二批,118136,120651,115107,116652,120745,110437,110437
1073,云南民族大学,本科二批,286455,109540,113728,117903,98741,100834,100834
1074,云南农业大学,本科二批,165585,117811,119172,112929,109551,115431,115431
1075,云南师范大学,本科二批,105431,93476,96807,97168,88395,90348,90348
1076,云南师范大学商学院,本科二批,286455,241022,238977,215061,191494,191494,191494
1077,云南艺术学院,本科二批,229192,156834,238242,88395,88395,88395,88395
1078,云南艺术学院文华学院,本科二批,251493,255937,262381,266423,266423,266423,266423
1079,云南中医药大学,本科二批,119572,108151,109722,114177,91807,93741,85077
1080,运城学院,本科二批,229192,158828,161404,163888,154750,153953,153953
1081,枣庄学院,本科二批,192193,175789,179660,206814,147954,144846,144846
1082,张家口学院,本科二批,162483,151757,165929,188928,121994,120398,120398
1083,长安大学,本科一批,23896,25751,25787,20067,18740,16498,16357
1084,长春财经学院,本科二批,293683,218640,225127,226120,220481,220481,220481
1085,长春大学,本科二批,135597,110870,109722,109212,95249,90348,79003
1086,长春大学旅游学院,本科二批,295123,259953,265263,246011,241986,241986,241986
1087,长春电子科技学院,本科二批,297990,235408,240565,236908,229133,229133,229133
1088,长春工程学院,本科二批,189083,131782,146428,128060,121994,147444,147444
1089,长春工业大学,本科二批,142881,106820,105793,107979,97599,98426,74303
1090,长春工业大学人文信息学院,本科二批,282125,234014,235936,239549,234011,234011,234011
1091,长春光华学院,本科二批,287920,225637,235936,231510,235169,235169,235169
1092,长春建筑学院,本科二批,297990,254580,239549,238587,238587,238587,238587
1093,长春科技学院,本科二批,297990,249117,252264,246011,231585,231585,231585
1094,长春理工大学,本科一批,48861,43222,48470,41539,36597,36750,38616
1095,长春人文学院,本科二批,293683,217220,217384,216449,215567,215567,215567
1096,长春师范大学,本科二批,156390,123435,127545,122901,118247,121631,121631
1097,长春中医药大学,本科二批,148869,112391,111672,150662,91462,73170,73170
1098,长春中医药大学,本科一批,83173,63035,60165,70573,70573,70573,70573
1099,长江大学,本科一批,102673,54281,55105,52387,52986,55755,42781
1100,长江大学工程技术学院,本科二批,271535,269150,218977,215061,218091,218091,218091
1101,长江大学文理学院,本科二批,214734,222839,211300,199851,208011,208011,208011
1102,长江师范学院,本科二批,189083,124788,126087,119108,116990,125402,125402
1103,长沙理工大学,本科一批,41207,35994,34852,31384,30474,31811,31751
1104,长沙理工大学城南学院,本科二批,197054,192920,189057,179170,174435,174435,174435
1105,长沙师范学院,本科二批,134151,137488,149279,129271,129271,129271,129271
1106,长沙学院,本科二批,115307,112214,117785,155853,91807,90348,85077
1107,长沙医学院,本科二批,134151,133199,211300,130659,133484,166935,166935
1108,长治学院,本科二批,162483,165842,165929,163888,164009,153953,153953
1109,长治医学院,本科二批,94763,98716,99361,110417,127030,78012,68584
1110,昭通学院,本科二批,200256,175789,181267,194502,194502,194502,194502
1111,肇庆学院,本科二批,289382,133199,137646,137269,127030,144846,144846
1112,浙大城市学院,本科一批,63644,59698,62311,69535,69535,69535,69535
1113,浙大宁波理工学院,本科一批,70771,71135,74158,88287,88287,88287,88287
1114,浙江财经大学,本科一批,36819,34290,37938,38484,42570,42570,42570
1115,浙江财经大学东方学院,本科二批,237132,220020,218977,215061,199075,199075,199075
1116,浙江传媒学院,本科二批,98686,93476,90542,81781,83016,72807,68584
1117,浙江大学,本科一批,383,556,496,431,526,486,530
1118,浙江工商大学,本科一批,39420,38611,29151,30752,25007,27217,31751
1119,浙江工商大学杭州商学院,本科二批,208283,284340,179660,162553,167915,167915,167915
1120,浙江工业大学,本科一批,29573,33477,27764,24015,23848,25354,25115
1121,浙江工业大学之江学院,本科二批,222771,218640,222067,224743,199075,199075,199075
1122,浙江海洋大学,本科二批,123956,98716,94355,92631,84084,78012,82619
1123,浙江科技学院,本科一批,66016,66467,66467,66467,66467,66467,66467
1124,浙江理工大学,本科一批,37676,32658,29151,27642,26681,27849,27645
1125,浙江理工大学科技与艺术学院,本科二批,237132,239641,246460,262622,199075,199075,199075
1126,浙江农林大学,本科一批,59195,61893,81012,81012,81012,81012,81012
1127,浙江农林大学暨阳学院,本科二批,253042,251828,253798,257477,220481,220481,220481
1128,浙江师范大学,本科一批,47907,106820,36336,37053,41026,39011,39373
1129,浙江师范大学行知学院,本科二批,232325,232685,237441,262622,195300,195300,195300
1130,浙江树人学院,本科二批,246717,255937,279199,228766,218091,218091,218091
1131,浙江水利水电学院,本科二批,119572,110870,111061,115409,96438,91462,91462
1132,浙江外国语学院,本科二批,106846,93476,93105,78689,97599,53976,63075
1133,浙江万里学院,本科二批,185975,187213,197053,205421,206754,206754,206754
1134,浙江越秀外国语学院,本科二批,265432,269150,255219,266423,209343,209343,209343
1135,浙江中医药大学,本科一批,67119,49113,50338,53254,55546,55546,55546
1136,浙江中医药大学滨江学院,本科二批,203404,174394,164407,183409,173111,173111,173111
1137,郑州财经学院,本科二批,216337,231205,240565,232837,216850,216850,216850
1138,郑州大学,本科一批,23896,24312,24522,23432,22210,23072,22155
1139,郑州工程技术学院,本科二批,173219,170132,171994,169476,162718,163055,163055
1140,郑州工商学院,本科二批,254608,249117,255219,261356,227874,227874,227874
1141,郑州工业应用技术学院,本科二批,297990,228392,231433,222040,214356,214356,214356
1142,郑州航空工业管理学院,本科二批,154848,163015,113728,107979,103612,100834,100834
1143,郑州航空工业管理学院,本科一批,106846,104116,104489,91562,74478,70854,70854
1144,郑州经贸学院,本科二批,221117,246379,246460,236908,215567,215567,215567
1145,郑州科技学院,本科二批,230786,220020,223648,219285,208011,208011,208011
1146,郑州轻工业大学,本科二批,135597,130372,139124,95249,99611,99611,99611
1147,郑州轻工业大学,本科一批,85633,88293,91816,91562,80816,70854,59871
1148,郑州商学院,本科二批,257747,253224,253798,243429,226678,226678,226678
1149,郑州升达经贸管理学院,本科二批,243532,238237,244999,251170,206754,206754,206754
1150,郑州师范学院,本科二批,135597,131782,134658,134604,129580,130602,130602
1151,郑州西亚斯学院,本科二批,245065,242386,242386,242386,242386,242386,242386
1152,中北大学,本科一批,46947,44162,47516,43915,44856,42986,59871
1153,中国传媒大学,本科一批,14767,16139,10848,10714,9994,10810,11268
1154,中国地质大学（北京）,本科一批,25941,26493,18563,17669,17781,16037,15418
1155,中国地质大学（武汉）,本科一批,21866,21581,19118,19586,19244,19367,19429
1156,中国海洋大学,本科一批,12534,12396,13279,12100,12774,11152,11618
1157,中国计量大学,本科一批,97392,32658,33407,31384,31135,34544,35398
1158,中国计量大学现代科技学院,本科二批,245065,266534,189057,183409,180995,180995,180995
1159,中国科学技术大学,本科一批,716,627,574,564,776,735,761
1160,中国科学院大学,本科一批,836,848,839,664,641,642,530
1161,中国矿业大学,本科一批,25226,26493,31251,24015,29156,24758,23903
1162,中国矿业大学（北京）,本科一批,24547,22973,21457,22262,19731,19848,19945
1163,中国矿业大学徐海学院,本科二批,201854,198608,198658,193026,190199,190199,190199
1164,中国矿业大学银川学院,本科二批,279013,271775,266754,247294,239708,239708,239708
1165,中国劳动关系学院,本科二批,113880,104116,103209,100709,88395,81346,77740
1166,中国劳动关系学院,本科一批,74466,74466,74466,74466,74466,74466,74466
1167,中国民航大学,本科一批,54949,60827,100680,38484,33135,33120,32477
1168,中国民用航空飞行学院,本科一批,93448,110870,62311,58817,59092,59092,59092
1169,中国农业大学,本科一批,11294,12396,22024,13715,10306,9806,10560
1170,中国人民大学,本科一批,1290,848,1115,794,889,790,814
1171,中国人民大学（苏州校区）,本科一批,25226,4082,3860,4420,4420,4420,4420
1172,中国人民解放军陆军工程大学,本科二批,89520,73543,59191,50647,55546,55546,55546
1173,中国人民警察大学,本科一批,80734,80773,80773,80773,80773,80773,80773
1174,中国社会科学院大学,本科一批,6621,6046,6574,31384,2491,2491,2491
1175,中国石油大学（北京）,本科一批,20081,19649,20850,20067,18740,17427,14962
1176,中国石油大学（北京）克拉玛依校区,本科一批,50842,56402,61214,64596,68464,70854,70854
1177,中国石油大学（华东）,本科一批,28109,25056,25153,25779,26093,24194,22155
1178,中国药科大学,本科一批,23232,22973,23239,18167,16897,15596,15418
1179,中国医科大学,本科一批,19481,19083,48470,81781,17352,13858,12809
1180,中国政法大学,本科一批,9815,7724,6574,6252,5717,5116,5915
1181,中华女子学院,本科二批,115307,108151,107111,104362,90665,81346,74303
1182,中南财经政法大学,本科一批,14309,16139,40404,11400,11681,9806,9571
1183,中南大学,本科一批,9454,34290,7166,6759,7688,7409,7172
1184,中南林业科技大学,本科一批,64821,67627,107111,46358,47284,47851,44499
1185,中南林业科技大学涉外学院,本科二批,222771,283127,198658,190262,190199,190199,190199
1186,中南民族大学,本科一批,48861,43222,43018,44734,41790,42986,42781
1187,中山大学,本科一批,5586,7026,5342,3421,3873,3682,4234
1188,中央财经大学,本科一批,9454,6356,6574,7828,3150,2827,2908
1189,中央民族大学,本科一批,12952,12396,12435,11712,10654,11526,12381
1190,中原工学院,本科二批,129750,112214,116429,112929,108360,110437,110437
1191,中原工学院,本科一批,105431,100103,99361,97168,85142,70854,70854
1192,中原科技学院,本科二批,227590,212907,218977,222040,204233,204233,204233
1193,仲恺农业工程学院,本科二批,147350,174394,117785,117903,115820,116656,116656
1194,重庆财经学院,本科二批,192193,190039,190661,181968,183594,190908,190908
1195,重庆城市科技学院,本科二批,283600,184345,178112,177786,179649,179649,179649
1196,重庆大学,本科一批,7791,8089,7757,6996,7688,7409,8065
1197,重庆第二师范学院,本科二批,128279,117811,119172,114177,112073,126705,126705
1198,重庆对外经贸学院,本科二批,217907,215801,209699,198558,196567,196567,196567
1199,重庆工程学院,本科二批,203404,211459,243516,243516,243516,243516,243516
1200,重庆工商大学,本科二批,105431,89567,89282,79734,85142,65849,61992
1201,重庆工商大学,本科一批,49827,48117,50338,52387,35870,32459,33947
1202,重庆工商大学派斯学院,本科二批,214734,218640,250790,250790,250790,250790,250790
1203,重庆机电职业技术大学,本科二批,254608,250424,269668,269668,269668,269668,269668
1204,重庆交通大学,本科一批,47907,46111,43868,36312,35233,35224,35398
1205,重庆科技学院,本科二批,112446,110870,108397,111672,98741,86948,83871
1206,重庆理工大学,本科二批,92075,89567,78652,75582,68464,63017,59871
1207,重庆理工大学,本科一批,42114,42274,43868,38484,38034,38238,38616
1208,重庆人文科技学院,本科二批,211482,210109,217384,230105,230105,230105,230105
1209,重庆三峡学院,本科二批,121053,120651,178112,111672,104754,106749,106749
1210,重庆师范大学,本科二批,98686,92191,108397,89407,79696,79105,69728
1211,重庆师范大学,本科一批,47907,44162,47516,48043,55546,70854,70854
1212,重庆外语外事学院,本科二批,214734,215801,173485,170826,173111,173111,173111
1213,重庆文理学院,本科二批,119572,113569,111061,105524,96438,98426,98426
1214,重庆医科大学,本科二批,112446,90901,66504,73631,61855,45451,43618
1215,重庆医科大学,本科一批,26645,25056,20850,14133,11681,12715,15885
1216,重庆移通学院,本科二批,283600,192920,189057,177786,173111,173111,173111
1217,重庆邮电大学,本科一批,25941,28686,27764,24624,23848,25979,27001
1218,周口师范学院,本科二批,178120,177201,184336,181968,165297,155209,155209
1219,珠海科技学院,本科二批,266965,172921,149279,147736,160061,160061,160061
1220,遵义师范学院,本科二批,189083,144698,156834,157199,161415,160352,160352
1221,遵义医科大学,本科二批,108202,101503,105793,128060,52986,48733,55771
1222,遵义医科大学,本科一批,35958,38611,38753,48043,48043,48043,48043
1223,遵义医科大学医学与科技学院,本科二批,128279,137488,137488,137488,137488,137488,137488
